title,summary,category
What to know about Trump's record-setting inauguration fund,"A new Federal Election Commission (FEC) filing shows that nearly 140 donors gave at least $1 million each to President Trump's inauguration fund for his second term in office. Yahoo Finance Washington Correspondent Ben Werschkul joins Market Domination Overtime to break down the details of US President Trump's record-breaking inauguration fundraising, with Amazon (AMZN), Meta Platforms (META), and other Big Tech companies among the donors. To watch more expert insights and analysis on the latest market action, check out more Market Domination Overtime here.",Financial Services
"Chicken, crypto, and Nvidia: The companies that helped Trump’s inauguration shatter fundraising records","A wide array of companies helped President Trump shatter fundraising records during his second inauguration, netting $239 million.",Financial Services
Mark Zuckerberg considered Instagram spin-off amid 'calls to break up' Big Tech,"Meta CEO Mark Zuckerberg gave thought to spinning off Instagram as US antitrust scrutiny intensified last decade, according to a memo surfaced Tuesday as Zuckerberg again took the stand to defend his company against claims that Meta illegally dominated social media.",Financial Services
"Nvidia vs. Huawei, TSMC, Capital One & Discover: Trending Tickers","Brad Smith and Madison Mills explore some of today's trending tickers. Huawei is shipping its new artificial intelligence (AI) chips, according to Reuters, as Chinese companies look for alternatives to Nvidia (NVDA) amid Trump's trade restrictions. Taiwan Semiconductor Manufacturing Company (TSM) warns of challenges tied to US export control efforts. Capital One's (COF) $35 billion merger deal with Discover (DFS) was approved by banking regulators. The deal is expected to close in May. To watch more expert insights and analysis on the latest market action, check out more Morning Brief here.",Financial Services
"Robinhood Markets, Inc. (HOOD): Among Stocks That Could 10X Over the Next 2 Years","We recently published a list of 9 Stocks That Could 10X Over the Next 2 Years. In this article, we are going to take a look at where Robinhood Markets, Inc. (NASDAQ:HOOD) stands against other stocks that could 10X over the next 2 years. US Tariffs and the Stock Market Turmoil While tariffs from the […]",Financial Services
"Stocks Drift After US Selloff, Dollar Rebounds: Markets Wrap",(Bloomberg) -- Financial markets fluctuated Tuesday as investors wade through a slew of headlines on President Donald Trump’s criticism of Federal Reserve Chair Jerome Powell and seek clues on progress in tariff negotiations.Most Read from BloombergDOGE Visits National Gallery of Art to Discuss Museum’s Legal StatusTrump Gives New York ‘One Last Chance’ to End Congestion FeeTrump Administration Takes Over New York Penn Station RevampThe Racial Wealth Gap Is Not Just About MoneyNashville’s $3 Bil,Financial Services
BlackRock Health Sciences Term Trust (BMEZ) Announces Final Results of Tender Offer,"NEW YORK, April 22, 2025--BlackRock Health Sciences Term Trust (the ""Fund"") announced today the final results of the Fund’s tender offer (the ""Tender Offer"") for up to 40% of its outstanding common shares (the ""Shares""), which expired on April 17, 2025.",Financial Services
TOTAL RETURN SECURITIES FUND PORTFOLIO SNAPSHOT,"As previously announced, on February 21, 2025, stockholders of Total Return Securities Fund (f/k/a The Swiss Helvetia Fund, Inc.) (the ""Fund"") (NYSE: SWZ) approved the following: (1) an investment advisory agreement between the Fund and Bulldog Investors, LLP (which was effective on March 31, 2025); (2) replacement of the Fund's fundamental investment objective of capital appreciation by investing in equity and equity-linked securities of Swiss companies with a non-fundamental investment objecti",Financial Services
United Overseas Bank (SGX:U11) Is Increasing Its Dividend To SGD1.17,United Overseas Bank Limited's ( SGX:U11 ) dividend will be increasing from last year's payment of the same period to...,Financial Services
ArrowMark Financial Corp. Releases Month End Estimated Net Asset Value as of March 2025,"DENVER, April 21, 2025 (GLOBE NEWSWIRE) -- ArrowMark Financial Corp., (NASDAQ: BANX) (""ArrowMark Financial""), today announced that BANX’s estimated and unaudited Net Asset Value (“NAV”) as of March 31, 2025, was $21.78. This estimated NAV is not a comprehensive statement of our financial condition or results for the month March 31, 2025. About ArrowMark Financial Corp. ArrowMark Financial Corp. is an SEC registered non-diversified, closed-end fund listed on the NASDAQ Global Select Market under",Financial Services
Caliber Announces Closing of the Underwritten Public Offering of Units,"SCOTTSDALE, Ariz., April 21, 2025--Caliber announced the closing of its underwritten public offering of total units for gross proceeds of approximately $900,000, before expenses.",Financial Services
"Equity ETFs Lead Inflows, but Investors Still Seek Safety","- Total daily inflows topped $8.2 billion, led by short-term bonds and semiconductors. - Here are the daily fund flows for Thursday, April 17.",Financial Services
Sing Investments & Finance (SGX:S35) Has Announced That It Will Be Increasing Its Dividend To SGD0.065,Sing Investments & Finance Limited's ( SGX:S35 ) periodic dividend will be increasing on the 8th of May to SGD0.065...,Financial Services
Southern Missouri Bancorp (SMBC) Q3 Earnings and Revenues Top Estimates,"Southern Missouri Bancorp (SMBC) delivered earnings and revenue surprises of 6.11% and 2.50%, respectively, for the quarter ended March 2025. Do the numbers hold clues to what lies ahead for the stock?",Financial Services
Wintrust (WTFC) Reports Q1 Earnings: What Key Metrics Have to Say,"Although the revenue and EPS for Wintrust (WTFC) give a sense of how its business performed in the quarter ended March 2025, it might be worth considering how some key metrics compare with Wall Street estimates and the year-ago numbers.",Financial Services
Gold Hits Record as Dollar Sags and Trade War Concerns Persist,"(Bloomberg) -- Gold rose to a record on Tuesday as a fresh bout of US dollar weakness, criticism of the Federal Reserve by President Donald Trump and persistent trade war concerns underpinned haven demand.Most Read from BloombergDOGE Visits National Gallery of Art to Discuss Museum’s Legal StatusTrump Gives New York ‘One Last Chance’ to End Congestion FeeTrump Administration Takes Over New York Penn Station RevampThe Racial Wealth Gap Is Not Just About MoneyNashville’s $3 Billion Transit Plan Br",Financial Services
Wintrust Financial (WTFC) Tops Q1 Earnings and Revenue Estimates,"Wintrust (WTFC) delivered earnings and revenue surprises of 6.75% and 0.01%, respectively, for the quarter ended March 2025. Do the numbers hold clues to what lies ahead for the stock?",Financial Services
SmarFinancial (SMBK) Q1 Earnings and Revenues Surpass Estimates,"SmarFinancial (SMBK) delivered earnings and revenue surprises of 21.82% and 1.84%, respectively, for the quarter ended March 2025. Do the numbers hold clues to what lies ahead for the stock?",Financial Services
Southern Missouri Bancorp: Fiscal Q3 Earnings Snapshot,"POPLAR BLUFF, Mo. AP) — Southern Missouri Bancorp Inc. SMBC) on Monday reported earnings of $15.7 million in its fiscal third quarter.",Financial Services
WR Berkley's first-quarter profit falls as catastrophe losses mount,"This is the first instance in nearly two years that the Greenwich, Connecticut-based insurer has reported a drop in quarterly profit. Insurers in recent years have been hard-hit by natural disasters, particularly as extreme weather-related events have become increasingly frequent. The earnings highlight the aftermath of one of California's most expensive natural disasters, which claimed several lives and destroyed property, with some estimates pegging the economic losses to be as high as $250 billion.",Financial Services
"Compared to Estimates, Home Bancorp (HBCP) Q1 Earnings: A Look at Key Metrics","The headline numbers for Home Bancorp (HBCP) give insight into how the company performed in the quarter ended March 2025, but it may be worthwhile to compare some of its key metrics to Wall Street estimates and the year-ago actuals.",Financial Services
Community West Bancshares (CWBC) Reports Q1 Earnings: What Key Metrics Have to Say,"While the top- and bottom-line numbers for Community West Bancshares (CWBC) give a sense of how the business performed in the quarter ended March 2025, it could be worth looking at how some of its key metrics compare to Wall Street estimates and year-ago values.",Financial Services
W.R. Berkley (WRB) Reports Q1 Earnings: What Key Metrics Have to Say,"While the top- and bottom-line numbers for W.R. Berkley (WRB) give a sense of how the business performed in the quarter ended March 2025, it could be worth looking at how some of its key metrics compare to Wall Street estimates and year-ago values.",Financial Services
"Marathon Bancorp, Inc. Announces Completion of Conversion and Related Stock Offering","WAUSAU, WISCONSIN / ACCESS Newswire / April 21, 2025 / Marathon Bancorp, Inc. (the ""Company"") (OTC PINK:MBBC), the holding company for Marathon Bank, announced that Marathon MHC (the ""MHC""), has completed its conversion from the mutual holding company ...",Financial Services
"Texas Capital Bancshares, Inc. Announces Quarterly Dividend for Preferred Stock","DALLAS, April 21, 2025 (GLOBE NEWSWIRE) -- Texas Capital Bancshares, Inc. (NASDAQ: TCBI), the parent company of Texas Capital Bank, and its board of directors declared a cash dividend of $14.375 per share of the 5.75% Fixed Rate Non-Cumulative Perpetual Preferred Stock, Series B (the “Series B Preferred Stock”), equivalent to $0.359375 per depositary share, each representing a 1/40th interest in a share of the Series B Preferred Stock. The depositary shares are traded on the NASDAQ under the sym",Financial Services
"SOUTHERN MISSOURI BANCORP REPORTS PRELIMINARY RESULTS FOR THIRD QUARTER OF FISCAL 2025; DECLARES QUARTERLY DIVIDEND OF $0.23 PER COMMON SHARE; CONFERENCE CALL SCHEDULED FOR TUESDAY, APRIL 22, AT 8:30 AM CENTRAL TIME","Poplar Bluff, Missouri, April 21, 2025 (GLOBE NEWSWIRE) -- Southern Missouri Bancorp, Inc. (“Company”) (NASDAQ: SMBC), the parent corporation of Southern Bank (“Bank”), today announced preliminary net income for the third quarter of fiscal 2025 of $15.7 million, an increase of $4.4 million or 38.7%, as compared to the same period of the prior fiscal year. The increase was attributable to increases in net interest income and noninterest income, partially offset by increases in noninterest expense",Financial Services
Banco Itaú Chile Schedules First Quarter 2025 Financial Results Conference Call,"SANTIAGO, Chile, April 21, 2025 (GLOBE NEWSWIRE) -- BANCO ITAÚ CHILE (SSE: ITAUCL) announced today that it will release its results for the first quarter ended March 31, 2025, before the market opens in Santiago, on April 30, 2025. On Friday, May 9, 2025, at 9:00 A.M. Santiago time (9:00 A.M. ET), the Company’s management team will host a conference call to discuss the financial results. The call will be hosted by André Gailey, CEO; Emiliano Muratore, CFO; and Andrés Perez, Chief Economist. Webi",Financial Services
MasterCard (MA) Stock Moves -1.55%: What You Should Know,"In the most recent trading session, MasterCard (MA) closed at $509.32, indicating a -1.55% shift from the previous trading day.",Financial Services
FB Financial Corporation (FBK): Among Most Expensive Stocks Insiders Are Buying After Trump’s Tariff Rollout,"We recently published a list of 12 Most Expensive Stocks Insiders Are Buying After Trump’s Tariff Rollout. In this article, we are going to take a look at where FB Financial Corporation (NYSE:FBK) stands against other most expensive stocks insiders are buying after Trump’s tariff rollout. Wall Street banks have sharply cut their targets for […]",Financial Services
"Crypto Companies BitGo, Coinbase Eye Bank Licenses",Getting a bank charter could pave the way for crypto firms to take deposits.,Financial Services
"Coinbase Global, Inc. (COIN) Stock Moves -0.02%: What You Should Know","In the closing of the recent trading day, Coinbase Global, Inc. (COIN) stood at $175, denoting a -0.02% change from the preceding trading day.",Financial Services
Paypal (PYPL) Stock Moves -1.17%: What You Should Know,"Paypal (PYPL) reachead $60.29 at the closing of the latest trading day, reflecting a -1.17% change compared to its last close.",Financial Services
Home Bancorp (HBCP) Beats Q1 Earnings and Revenue Estimates,"Home Bancorp (HBCP) delivered earnings and revenue surprises of 20.18% and 3.62%, respectively, for the quarter ended March 2025. Do the numbers hold clues to what lies ahead for the stock?",Financial Services
Lemonade To Announce First Quarter 2025 Financial Results,"NEW YORK, April 21, 2025--Lemonade, Inc. (NYSE: LMND) today announced it will release its first quarter 2025 financial results on Tuesday, May 6, 2025 prior to market open, and will host a conference call at 8:00 am Eastern time (5:00 am Pacific time) that same day to discuss the results. This scheduling adjustment aligns with common industry practice and represents a change from previous quarters when results were released the day prior to the conference call.",Financial Services
Community West Bancshares (CWBC) Lags Q1 Earnings and Revenue Estimates,"Community West Bancshares (CWBC) delivered earnings and revenue surprises of -4.26% and 1.03%, respectively, for the quarter ended March 2025. Do the numbers hold clues to what lies ahead for the stock?",Financial Services
"Japan's Nomura to buy Macquarie's US, European asset management units for $1.8 billion","The deal marks the latest major overseas acquisition by a Japanese firm as companies facing a shrinking domestic market seek out growth opportunities abroad. Asset management has become a core growth area for Japanese financial institutions looking to secure stable fee-based revenue that is less impacted by the ups and downs of market sentiment. Japan's largest brokerage and investment bank will acquire all of Macquarie Asset Management's U.S. and European public assets, investment teams and operating platforms and will retain the existing management team.",Financial Services
Federated Hermes Inc (FHI) Q4 2024 Earnings Call Highlights: Record AUM and Strategic Growth ...,Federated Hermes Inc (FHI) reports record assets under management and outlines strategic plans for growth amid market challenges.,Financial Services
Samsung Fire & Marine Insurance Co Ltd (XKRX:000810) Q4 2024 Earnings Call Highlights: ...,"Despite a quarterly revenue decline, Samsung Fire & Marine Insurance Co Ltd (XKRX:000810) focuses on high-value products and sustainability to drive future growth.",Financial Services
W.R. Berkley (WRB) Meets Q1 Earnings Estimates,"W.R. Berkley (WRB) delivered earnings and revenue surprises of 0% and 2.22%, respectively, for the quarter ended March 2025. Do the numbers hold clues to what lies ahead for the stock?",Financial Services
Wintrust: Q1 Earnings Snapshot,"ROSEMONT, Ill. AP) — Wintrust Financial Corp. WTFC) on Monday reported first-quarter profit of $189 million.",Financial Services
Fund Manager Explains Why He’s Buying More Meta Platforms (META) Shares – ‘Time to Step Up’,"We recently published a list of 10 Stocks in Wall Street’s Watchlist. In this article, we are going to take a look at where Meta Platforms, Inc. (NASDAQ:META) stands against other stocks in Wall Street’s watchlist. Dan Niles, Niles Investment Management founder, in a latest program on CNBC reiterated his concerns about a slowdown in […]",Financial Services
ServisFirst Bancshares (SFBS) Misses Q1 Earnings and Revenue Estimates,"ServisFirst (SFBS) delivered earnings and revenue surprises of -1.69% and 0.69%, respectively, for the quarter ended March 2025. Do the numbers hold clues to what lies ahead for the stock?",Financial Services
BOK Financial (BOKF) Lags Q1 Earnings and Revenue Estimates,"BOK Financial (BOKF) delivered earnings and revenue surprises of -7.46% and 3.13%, respectively, for the quarter ended March 2025. Do the numbers hold clues to what lies ahead for the stock?",Financial Services
Metropolitan Bank Holding Corp. (MCB) Lags Q1 Earnings Estimates,"Metropolitan Bank Holding (MCB) delivered earnings and revenue surprises of -9.94% and 3.50%, respectively, for the quarter ended March 2025. Do the numbers hold clues to what lies ahead for the stock?",Financial Services
S&P 500 Gains and Losses Today: Index Falls as Trump Derides Powell's Interest Rate Policy,"The S&P 500 dropped 2.4% on Monday, April 21, as President Donald Trump scorned the head of the Federal Reserve and China cautioned its trading partners against adversarial deals.",Financial Services
Wintrust Financial Corporation Reports Record First Quarter 2025 Net Income,"ROSEMONT, Ill., April 21, 2025 (GLOBE NEWSWIRE) -- Wintrust Financial Corporation (“Wintrust”, “the Company”, “we” or “our”) (Nasdaq: WTFC) announced record quarterly net income of $189.0 million, or $2.69 per diluted common share, for the first quarter of 2025, compared to net income of $185.4 million, or $2.63 per diluted common share in the fourth quarter of 2024. Pre-tax, pre-provision income (non-GAAP) totaled a record $277.0 million, compared to $270.1 million for the fourth quarter of 202",Financial Services
Marsh & McLennan Companies Inc (MMC) Q4 2024 Earnings Call Highlights: Strong Revenue ...,"Marsh & McLennan Companies Inc (MMC) reports an 8% revenue increase and significant investments in acquisitions, despite challenges from California wildfires and market dynamics.",Financial Services
Wintrust Financial Corp (WTFC) Q4 2024 Earnings Call Highlights: Record Net Income and Balanced ...,"Wintrust Financial Corp (WTFC) reports a robust 11.5% increase in full-year net income, with significant loan and deposit growth in the fourth quarter.",Financial Services
American Financial Group Inc (AFG) Q4 2024 Earnings Call Highlights: Strong Returns and ...,"American Financial Group Inc (AFG) reports robust growth in core operating earnings and shareholder returns, while addressing challenges in specialty casualty and commercial auto segments.",Financial Services
LIC Housing Finance Ltd (BOM:500253) Q3 2025 Earnings Call Highlights: Strong Profit Growth ...,"Despite challenges in revenue growth and disbursements, LIC Housing Finance Ltd (BOM:500253) reports a significant profit increase and improved asset quality.",Financial Services
SmarFinancial: Q1 Earnings Snapshot,"KNOXVILLE, Tenn. AP) — SmartFinancial Inc. SMBK) on Monday reported first-quarter earnings of $11.3 million.",Financial Services
Man Group PLC (MNGPF) (Q4 2024) Earnings Call Highlights: Strong Financial Performance Amid ...,Man Group PLC (MNGPF) reports robust earnings growth and strategic advancements despite facing macroeconomic pressures and net outflows.,Financial Services
Australian Finance Group Ltd (ASX:AFG) (Q1 2025) Earnings Call Highlights: Record Settlements ...,"Australian Finance Group Ltd (ASX:AFG) reports robust growth in loan books and distribution business, while addressing operational challenges and future investment strategies.",Financial Services
Is Morgan Stanley (MS) the Best Stock to Buy According to Billionaire Chris Rokos?,"We recently published a list of 10 Best Stocks to Buy According to Billionaire Chris Rokos. In this article, we are going to take a look at where Morgan Stanley (NYSE:MS) stands against other best stocks to buy according to billionaire Chris Rokos. Chris Rokos is a highly respected British hedge fund manager who co-founded […]",Financial Services
"Banco Macro S.A. Informs the Market of the Filing of its Annual Report on form 20-F for the Fiscal Year Ended December 31, 2024","Banco Macro S.A. (NYSE: ""BMA""; ByMA: ""BMA"") (""Banco Macro"") announces today the filing of its annual report on Form 20-F and its annual audited financial statements for the fiscal year ended December 31, 2024 (the ""2024 Annual Report"") with the U.S. Securities and Exchange Commission (the ""SEC""). The 2024 Annual Report can be accessed by visiting either the SEC's website at www.sec.gov in the Section ""Search for Company Filings"" under CIK code No. 0001347426 or Banco Macro's Investor Relations w",Financial Services
SmartFinancial Announces Results for the First Quarter 2025,"KNOXVILLE, Tenn., April 21, 2025--SmartFinancial, Inc. (""SmartFinancial"" or the ""Company""; NYSE: SMBK), today announced net income of $11.3 million, or $0.67 per diluted common share, for the first quarter of 2025, compared to net income of $9.4 million, or $0.55 per diluted common share, for the first quarter of 2024, and compared to prior quarter net income of $9.6 million, or $0.57 per diluted common share. Operating earnings1, which excludes non-recurring income, net of tax adjustments, tota",Financial Services
"Gouverneur Bancorp, Inc. Announces Semi-Annual Cash Dividend","GOUVERNEUR, N.Y., April 21, 2025 (GLOBE NEWSWIRE) -- Gouverneur Bancorp, Inc. (OTCQB Marketplace: GOVB) (the “Company”), the holding company for Gouverneur Savings and Loan Association (the “Bank”), announced today that its Board of Directors has declared a semi-annual cash dividend of $0.08 per common share. The dividend will be paid on or about May 19, 2025 to shareholders of record as of the close of business on May 5, 2025. This marks the second consecutive semi-annual cash dividend for the",Financial Services
Is Bank of America (BAC) the Best Stock to Buy According to Billionaire Chris Rokos?,"We recently published a list of 10 Best Stocks to Buy According to Billionaire Chris Rokos. In this article, we are going to take a look at where Bank of America Corporation (NYSE:BAC) stands against other best stocks to buy according to billionaire Chris Rokos. Chris Rokos is a highly respected British hedge fund manager […]",Financial Services
Grupo Supervielle Announces Filing of the 2024 Annual Report on Form 20-F,"BUENOS AIRES, Argentina, April 21, 2025--GRUPO SUPERVIELLE S.A. (NYSE: SUPV) (""the Company"") announced that on April 21, 2025, the Company filed its annual report on Form 20-F for the year ended December 31, 2024 with the U.S. Securities and Exchange Commission (the ""SEC"").",Financial Services
Is Goldman Sachs Group (GS) the Best Stock to Buy According to Billionaire Chris Rokos?,"We recently published a list of 10 Best Stocks to Buy According to Billionaire Chris Rokos. In this article, we are going to take a look at where The Goldman Sachs Group, Inc. (NYSE:GS) stands against other best stocks to buy according to billionaire Chris Rokos. Chris Rokos is a highly respected British hedge fund […]",Financial Services
JPMorganChase Investor Day 2025,"NEW YORK, April 21, 2025--JPMorgan Chase & Co. (NYSE: JPM) (""JPMorganChase"" or the ""Firm"") will host an Investor Day in New York City on Monday, May 19, 2025 at 8:00 a.m. (Eastern). Presentations by members of executive management are expected to conclude at approximately 12:00 p.m. (Eastern).",Financial Services
RLI Corp (RLI) Q4 2024 Earnings Call Highlights: Strong Underwriting Profits and Special ...,RLI Corp (RLI) reports robust financial performance with a 22% growth in underwriting profits and declares a $2 special dividend.,Financial Services
Bank of Maharashtra (BOM:532525) Q3 2025 Earnings Call Highlights: Robust Growth in Retail and ...,"Bank of Maharashtra (BOM:532525) reports strong financial performance with significant advances in retail and housing loans, while maintaining a healthy asset quality and capital adequacy.",Financial Services
Pacific Premier Bancorp Inc (PPBI) Q4 2024 Earnings Call Highlights: Strong Asset Quality and ...,Pacific Premier Bancorp Inc (PPBI) reports solid earnings with a focus on improving funding mix and exploring strategic M&A opportunities.,Financial Services
The South Indian Bank Ltd (BOM:532218) Q3 2025 Earnings Call Highlights: Record Profit and ...,"The South Indian Bank Ltd (BOM:532218) reports its highest quarterly profit with strategic advances, despite challenges in net interest margins and operational costs.",Financial Services
Northeast Community Bancorp (NECB) Beats Q1 Earnings and Revenue Estimates,"Northeast Community Bancorp (NECB) delivered earnings and revenue surprises of 1.30% and 0.04%, respectively, for the quarter ended March 2025. Do the numbers hold clues to what lies ahead for the stock?",Financial Services
Cathay: Q1 Earnings Snapshot,LOS ANGELES (AP) — Cathay General Bancorp (CATY) on Monday reported first-quarter earnings of $69.5 million. The Los Angeles-based bank said it had earnings of 98 cents per share. The holding company for Cathay Bank posted revenue of $330.6 million in the period.,Financial Services
Virtu Financial Inc (VIRT) Q4 2024 Earnings Call Highlights: Strong Performance and Strategic ...,"Virtu Financial Inc (VIRT) reports robust trading income and strategic expansions, while navigating regulatory challenges and market competition.",Financial Services
"Top Research Reports for Visa, ServiceNow & Progressive","Today's Research Daily features new research reports on 16 major stocks, including Visa Inc. (V), ServiceNow, Inc. (NOW) and The Progressive Corporation (PGR), as well as two micro-cap stocks The Monarch Cement Company (MCEM) and Precipio, Inc. (PRPO).",Financial Services
Cholamandalam Investment and Finance Co Ltd (BOM:511243) Q3 2025 Earnings Call Highlights: ...,"Cholamandalam Investment and Finance Co Ltd (BOM:511243) reports strong disbursement growth and net income increase, while addressing rising asset quality concerns.",Financial Services
Unicaja Banco SA (FRA:7UB) Q4 2024 Earnings Call Highlights: Record Profits and Strategic ...,"Unicaja Banco SA (FRA:7UB) reports a 115% increase in net profit, strategic dividend hikes, and plans for digital and corporate expansion.",Financial Services
IG Group Holdings PLC (IGGHY) (H1 2025) Earnings Call Highlights: Strong Financial Performance ...,"IG Group Holdings PLC (IGGHY) reports robust revenue growth and profit increases, while addressing challenges in client acquisition and market penetration.",Financial Services
Union Bank of India (BOM:532477) Q3 2025 Earnings Call Highlights: Strong Profit Growth Amidst ...,"Union Bank of India (BOM:532477) reports a robust 28.2% YoY profit increase, while navigating moderated deposit growth and digital transformation initiatives.",Financial Services
First Bank (FRBA) Q4 2024 Earnings Call Highlights: Strong Financial Performance Amid ...,"First Bank (FRBA) reports robust net income and loan growth, while navigating interest rate challenges and strategic initiatives.",Financial Services
PayPal Holdings Inc (PYPL) Q4 2024 Earnings Call Highlights: Strong Financial Performance Amid ...,"PayPal Holdings Inc (PYPL) reports robust growth in total payment volume and earnings per share, while navigating headwinds from market dynamics and renegotiations.",Financial Services
Home Bancorp: Q1 Earnings Snapshot,"LAFAYETTE, La. AP) — Home Bancorp Inc. HBCP) on Monday reported net income of $11 million in its first quarter.",Financial Services
Banca Monte dei Paschi di Siena (BMDPF) Full Year 2024 Earnings Call Highlights: Strong Profit ...,"Banca Monte dei Paschi di Siena (BMDPF) reports a robust 16.9% profit increase, while navigating interest rate pressures and strategic integrations.",Financial Services
Cadence: Q1 Earnings Snapshot,"TUPELO, Miss. AP) — Cadence Bank CADE on Monday reported first-quarter earnings of $133.2 million. The Tupelo, Mississippi-based bank said it had earnings of 70 cents per share.",Financial Services
Western Alliance: Q1 Earnings Snapshot,PHOENIX (AP) — Western Alliance Bancorp (WAL) on Monday reported first-quarter net income of $199.1 million. The Phoenix-based bank said it had earnings of $1.79 per share. The results beat Wall Street expectations.,Financial Services
Cathay General Bancorp Announces First Quarter 2025 Results,"LOS ANGELES, April 21, 2025--Cathay General Bancorp (the ""Company"", ""we"", ""us"", or ""our"") (Nasdaq: CATY), the holding company for Cathay Bank, today announced its unaudited financial results for the quarter ended March 31, 2025. The Company reported net income of $69.5 million, or $0.98 per diluted share, for the first quarter of 2025.",Financial Services
Saudi National Bank (SAU:1180) (Q4 2024) Earnings Call Highlights: Record Net Income and ...,"Saudi National Bank (SAU:1180) reports a record SAR21.2 billion net income for 2024, driven by strategic innovation and robust domestic fee income growth.",Financial Services
"VALUE LINE, INC. DIVIDEND HAS JUST BEEN RAISED FROM $1.20 TO $1.30 (ANNUALIZED) – ITS 11TH CONSECUTIVE INCREASE","New York, April 21, 2025 (GLOBE NEWSWIRE) -- Value Line, Inc. (NASDAQ – VALU) announced today that its Board of Directors has just raised its quarterly dividend, which will be $0.325 per common share ($1.30 annualized). The new higher cash dividend is payable on May 12, 2025 to stockholders of record on April 28, 2025. The increase of 8.3% is the 11th consecutive yearly increase in Value Line’s dividend. Value Line is a leading provider of investment research. The Value Line Investment Survey is",Financial Services
Royal Bank of Canada (RY) Q1 2025 Earnings Call Highlights: Record Earnings and Strategic Growth,"Royal Bank of Canada (RY) reports a record $5.1 billion in earnings, driven by strong net interest income and strategic acquisitions.",Financial Services
Universal Insurance Holdings Inc (UVE) Q4 2024 Earnings Call Highlights: Navigating Growth ...,"Despite a rise in core revenue and strategic growth outside Florida, Universal Insurance Holdings Inc (UVE) faces pressure from increased weather-related losses and higher expense ratios.",Financial Services
Jyske Bank AS (STU:JYS1) Q4 2024 Earnings Call Highlights: Strong Profit and Strategic Growth ...,"Jyske Bank AS (STU:JYS1) reports robust net profit and asset growth, while navigating interest rate impacts and strategic investments.",Financial Services
Community West Bancshares: Q1 Earnings Snapshot,"FRESNO, Calif. AP) — Community West Bancshares (CWBC) on Monday reported first-quarter profit of $8.3 million. On a per-share basis, the Fresno, California-based company said it had profit of 44 cents.",Financial Services
Bimini Capital Management Inc (BMNM) Q4 2024 Earnings Call Highlights: Navigating Economic ...,"Despite a net income of $5.6 million, Bimini Capital Management Inc (BMNM) faces challenges with increased interest expenses and a shifting economic landscape.",Financial Services
Hypoport AG (WBO:HYQ) Q4 2024 Earnings Call Highlights: Strong Growth Amid Market Challenges,"Hypoport AG (WBO:HYQ) reports robust performance with significant gains in market share and strategic growth, despite facing sector-specific hurdles.",Financial Services
Gold Soars: Should Investors Chase?,The allure of gold's recent out performance is undeniable but the current technical indicators suggest that investors should not chase the shiny metal at these extended levels.,Financial Services
Cadence Bank Announces First Quarter 2025 Financial Results,"Cadence Bank (NYSE: CADE) (the Company), today announced financial results for the quarter ended March 31, 2025.",Financial Services
"HOME BANCORP, INC. ANNOUNCES 2025 FIRST QUARTER RESULTS, NEW SHARE REPURCHASE PLAN AND DECLARES A QUARTERLY DIVIDEND","Home Bancorp, Inc. (Nasdaq: ""HBCP"") (the ""Company""), the parent company for Home Bank, N.A. (the ""Bank"") (www.home24bank.com), reported financial results for the first quarter of 2025. For the quarter, the Company reported net income of $11.0 million, or $1.37 per diluted common share (""diluted EPS""), up $1.3 million from $9.7 million, or $1.21 diluted EPS, for the fourth quarter of 2024.",Financial Services
"USCB Financial Holdings, Inc. Declares Quarterly Cash Dividend on Common Stock","MIAMI, April 21, 2025 (GLOBE NEWSWIRE) -- USCB Financial Holdings, Inc. (the “Company”) (NASDAQ: USCB), the holding company for U.S. Century Bank, announced today that its Board of Directors declared a regular quarterly cash dividend of $0.10 per share of Class A common stock, payable on June 5, 2025, to shareholders of record as of the close of business on May 15, 2025. Future dividend payments are subject to quarterly review and approval by the Board of Directors. About USCB Financial Holdings",Financial Services
"Bain Capital Specialty Finance, Inc. Schedules Earnings Release for the First Quarter Ended March 31, 2025","BOSTON, April 21, 2025--Bain Capital Specialty Finance, Inc. schedules earnings release for the first quarter ended March 31, 2025.",Financial Services
Mission Bancorp Reports First Quarter Earnings of $7.2 Million.,"Mission Bancorp (""Mission"" or the ""Company"") (OTC Pink: MSBC), a bank holding company and parent of Mission Bank (the ""Bank""), reported unaudited net income available to common shareholders of $7.2 million, or $2.66 per diluted common share, for the first quarter of 2025, compared to net income available to common shareholders of $7.3 million, or $2.77 per diluted common share, for the first quarter of 2024, and net income available to common shareholders of $7.7 million, or $2.85 per diluted co",Financial Services
Zimtu Capital Corp. Announces Proposed Share Consolidation,"VANCOUVER, BC / ACCESS Newswire / April 21, 2025 / Zimtu Capital Corp. (TSXV:ZC)(FSE:ZCT1) (the ""Company"" or ""Zimtu"") announces that it intends to complete a consolidation of its issued and outstanding common shares (the ""Shares"") on the basis of ...",Financial Services
AIG Appoints Ray Hall as Head of Western World,"NEW YORK, April 21, 2025--American International Group, Inc. (NYSE: AIG) today announced the appointment of Ray Hall as Head of Western World, effective immediately. Mr. Hall will report directly to Lou Levinson, President and Chief Executive Officer, Lexington Insurance – an AIG company.",Financial Services
P10 Announces Appointments of Jennifer Glassman and Stephen Blewitt to Board of Directors,"DALLAS, April 21, 2025 (GLOBE NEWSWIRE) -- P10, Inc. (NYSE: PX), (“P10” or the “Company”), a leading private markets solutions provider, today announced the appointment of Jennifer Glassman and Stephen Blewitt to its Board of Directors (“the Board”). Ms. Glassman will join the Board as an independent Class I director, effective April 21, 2025, and will serve on the Company’s Audit Committee. Mr. Blewitt will join the Board as an independent Class III director, effective April 21, 2025, and will",Financial Services
Western Alliance Bancorporation Reports First Quarter 2025 Financial Results,"PHOENIX, April 21, 2025--Western Alliance Bancorporation Reports First Quarter 2025 Financial Results",Financial Services
"Stocks, Bonds Sink in Broad Retreat From US Assets: Markets Wrap","(Bloomberg) -- Heavy selling lashed Wall Street anew Monday, with longer-dated Treasuries joining stocks and the dollar in a deepening slump, after President Donald Trump’s censure of Jerome Powell’s interest-rate policy sowed angst among investors already coping with a global trade war.Most Read from BloombergDOGE Visits National Gallery of Art to Discuss Museum’s Legal StatusTrump Gives New York ‘One Last Chance’ to End Congestion FeeTrump Administration Takes Over New York Penn Station Revamp",Financial Services
W.R. Berkley: Q1 Earnings Snapshot,"GREENWICH, Conn. AP) — W.R. Berkley Corp. WRB) on Monday reported first-quarter profit of $417.6 million.",Financial Services
Texas Capital Bancshares Inc (TCBI) Q1 2025 Earnings Call Highlights: Record Revenue Growth and ...,"Texas Capital Bancshares Inc (TCBI) reports robust financial performance with significant increases in revenue, net income, and treasury product fees, while navigating economic uncertainties.",Financial Services
ICICI Lombard General Insurance Co Ltd (NSE:ICICIGI) Q4 2025 Earnings Call Highlights: Strong ...,ICICI Lombard outperforms industry growth with an 8.3% increase in gross direct premium income and showcases robust financial health with a 30.7% rise in profit after tax.,Financial Services
Avanza Bank Holding AB (FRA:1JJA) Q1 2025 Earnings Call Highlights: Record-Breaking Quarter ...,"Avanza Bank Holding AB (FRA:1JJA) achieves its highest quarterly results ever, driven by increased trading activity and strategic innovations, despite facing macroeconomic headwinds.",Financial Services
Zions: Q1 Earnings Snapshot,"SALT LAKE CITY (AP) — Zions Bancorp ZION on Monday reported first-quarter earnings of $170 million. The Salt Lake City-based bank said it had earnings of $1.13 per share. Earnings, adjusted for pretax expenses, came to $1.24 per share.",Financial Services
"POTOMAC BANCSHARES, INC. DECLARES 8% INCREASE TO QUARTERLY CASH DIVIDEND","The Board of Directors of Potomac Bancshares, Inc. (the ""Company"") (OTC:PTBS), the holding company for Bank of Charles Town (BCT), also known as The Community's Bank, declared at their April Board meeting a quarterly cash dividend of $0.13 per share, an 8% increase from the previous quarter's dividend of $0.12. The dividend is for all shareholders of record on May 1, 2025, and will be paid on May 8, 2025.",Financial Services
The Stock Market's Winners and Losers Today,"Stocks logged broad-based declines on Monday after President Trump ramped up his attacks against Federal Reserve Chair Jerome Powell. Big tech shares led the losses. All members of the Magnificent Seven group of stocks declined, with Nvidia and Tesla leading the losses.",Financial Services
BOK Financial: Q1 Earnings Snapshot,"BOKF) on Monday reported first-quarter earnings of $119.8 million. The Tulsa, Oklahoma-based bank said it had earnings of $1.86 per share. The Regional banking operator posted revenue of $804.6 million in the period.",Financial Services
"Moody’s, MSCI to Offer Private-Credit Risk Assessments",The collaborators aim to provide default probability assessments for investors based on factors such as borrower leverage and profitability.,Financial Services
Ryan Specialty Signs Definitive Agreement To Acquire USQRisk Holdings,"CHICAGO, April 21, 2025--Ryan Specialty (NYSE: RYAN) (""Ryan Specialty""), a leading international specialty insurance firm, is pleased to announce that it has signed a definitive agreement to acquire certain assets of USQRisk Holdings, LLC (""USQ""). USQ will become a part of the alternative risk business within Ryan Specialty.",Financial Services
"First Financial Northwest, Inc. Announces Declaration of Initial Liquidating Distribution; Stock Transfer Books Closed","RENTON, Wash., April 21, 2025 (GLOBE NEWSWIRE) -- First Financial Northwest, Inc. (NASDAQ GS: FFNW) (the “Company”) today announced that its Board of Directors has declared an initial liquidating distribution pursuant to its previously announced Plan of Dissolution in the amount of $22.00 per share, or approximately $203 million, representing approximately 95% of the anticipated proceeds to ultimately be distributed. The initial liquidating distribution will be payable on April 30, 2025, to shar",Financial Services
First Trust Intermediate Duration Preferred & Income Fund Declares its Monthly Common Share Distribution of $0.1375 Per Share for May,"WHEATON, Ill., April 21, 2025--First Trust Intermediate Duration Preferred & Income Fund (the ""Fund"") (NYSE: FPF) has declared the Fund’s regularly scheduled monthly common share distribution in the amount of $0.1375 per share payable on May 15, 2025, to shareholders of record as of May 1, 2025. The ex-dividend date is expected to be May 1, 2025. The monthly distribution information for the Fund appears below.",Financial Services
First Trust Senior Floating Rate Income Fund II Declares its Monthly Common Share Distribution of $0.097 Per Share for May,"WHEATON, Ill., April 21, 2025--First Trust Senior Floating Rate Income Fund II (the ""Fund"") (NYSE: FCT) has declared the Fund’s regularly scheduled monthly common share distribution in the amount of $0.097 per share payable on May 15, 2025, to shareholders of record as of May 1, 2025. The ex-dividend date is expected to be May 1, 2025. The monthly distribution information for the Fund appears below.",Financial Services
"Zions Bancorporation, National Association Reports First Quarter Financial Results","Zions Bancorporation, N.A. (NASDAQ: ZION) (""Zions"" or ""the Bank"") today reported net earnings applicable to common shareholders for the first quarter of 2025 of $169 million, or $1.13 per diluted common share, compared with net earnings applicable to common shareholders of $143 million, or $0.96 per diluted common share, for the first quarter of 2024, and net earnings applicable to common shareholders of $200 million, or $1.34 per diluted common share, for the fourth quarter of 2024.",Financial Services
First Trust High Yield Opportunities 2027 Term Fund Declares its Monthly Common Share Distribution of $0.125 Per Share for May,"WHEATON, Ill., April 21, 2025--First Trust High Yield Opportunities 2027 Term Fund (the ""Fund"") (NYSE: FTHY) has declared the Fund’s regularly scheduled monthly common share distribution in the amount of $0.125 per share payable on May 27, 2025, to shareholders of record as of May 1, 2025. The ex-dividend date is expected to be May 1, 2025. The monthly distribution information for the Fund appears below.",Financial Services
First Trust Mortgage Income Fund Declares its Monthly Common Share Distribution of $0.075 Per Share for May,"WHEATON, Ill., April 21, 2025--First Trust Mortgage Income Fund (the ""Fund"") (NYSE: FMY) has declared the Fund’s regularly scheduled monthly common share distribution in the amount of $0.075 per share payable on May 15, 2025, to shareholders of record as of May 1, 2025. The ex-dividend date is expected to be May 1, 2025. The monthly distribution information for the Fund appears below.",Financial Services
W. R. Berkley Corporation Reports First Quarter Results,"GREENWICH, Conn., April 21, 2025--W. R. Berkley Corporation (NYSE: WRB) today reported its first quarter 2025 results.",Financial Services
First Trust Announces Adjournment of Special Meeting of Shareholders Relating to the Reorganization of First Trust Specialty Finance and Financial Opportunities Fund with and into FT Confluence BDC & Specialty Finance Income ETF,"WHEATON, Ill., April 21, 2025--First Trust Advisors L.P. (""FTA"") announced today that the special meeting of shareholders of First Trust Specialty Finance and Financial Opportunities Fund (NYSE: FGB) (the ""Fund"") held on April 21, 2025 has been adjourned in order to permit additional solicitation of shareholders and to allow shareholders additional time to vote on the reorganization of the Fund with and into FT Confluence BDC & Specialty Finance Income ETF, a newly formed series of First Trust E",Financial Services
"AllianceBernstein Global High Income Fund, Inc. RELEASES MONTHLY PORTFOLIO UPDATE","AllianceBernstein Global High Income Fund, Inc.[NYSE: AWF] (the ""Fund"") today released its monthly portfolio update as of March 31, 2025.",Financial Services
ALLIANCEBERNSTEIN CLOSED-END FUNDS ANNOUNCE DISTRIBUTION RATES,The AllianceBernstein Closed-End Funds declared the following distributions today:,Financial Services
"AllianceBernstein National Municipal Income Fund, Inc. RELEASES MONTHLY PORTFOLIO UPDATE","AllianceBernstein National Municipal Income Fund, Inc.[NYSE: AFB] (the ""Fund"") today released its monthly portfolio update as of March 31, 2025.",Financial Services
Metropolitan Bank Holding Corp. Reports First Quarter 2025 Results,"NEW YORK, April 21, 2025--Metropolitan Bank Holding Corp. (the ""Company"") (NYSE: MCB), the holding company for Metropolitan Commercial Bank (the ""Bank""), reported net income of $16.4 million, or $1.45 per diluted common share, for the first quarter of 2025 compared to $21.4 million, or $1.88 per diluted common share, for the fourth quarter of 2024, and $16.2 million, or $1.46 per diluted common share, for the first quarter of 2024.",Financial Services
S&P Global Launches AI-Ready Commodities Data Integrated With Microsoft 365 Copilot,"S&P Global (NYSE: SPGI) today announced the launch of AI agent capabilities that utilize data from the commodity sector, seamlessly integrated with Microsoft 365 Copilot and powered by S&P Global's Commodity Insights AI Ready Data solution.",Financial Services
PRA Group to Announce First Quarter 2025 Results on May 5,"PRA Group, Inc. (Nasdaq: PRAA), a global leader in acquiring and collecting nonperforming loans, will report its first quarter 2025 results after market close on Monday, May 5, 2025, followed by a webcast and conference call at 5 p.m. E.T.",Financial Services
ServisFirst Bank Announces New Chief Credit Officer,"BIRMINGHAM, Ala., April 21, 2025--ServisFirst Bank, a subsidiary of ServisFirst Bancshares (NYSE:SFBS), is pleased to announce the hiring of Jim Harper as Senior Vice President and Chief Credit Officer. A seasoned leader with more than two decades of experience in credit risk and portfolio management, Harper will oversee the Bank’s credit administration and approval processes, working closely with leadership to support the Bank’s continued growth and prudent lending practices.",Financial Services
TrustCo: Q1 Earnings Snapshot,"GLENVILLE, N.Y. (AP) — TrustCo Bank Corp. NY (TRST) on Monday reported net income of $14.3 million in its first quarter. The Glenville, New York-based bank said it had earnings of 75 cents per share.",Financial Services
"ServisFirst Bancshares, Inc. Announces Results For First Quarter of 2025","BIRMINGHAM, Ala., April 21, 2025--ServisFirst Bancshares, Inc. (NYSE: SFBS), today announced earnings and operating results for the quarter ended March 31, 2025.",Financial Services
BOK Financial Corporation Announces First Quarter 2025 Earnings,"TULSA, OK / ACCESS Newswire / April 21, 2025 / BOK Financial Corporation (NASDAQ:BOKF) today reported operating results for the first quarter ended March 31, 2025. The first quarter 2025 earnings release can be viewed here:https://investor.bokf.com/Q1-2025-Earnings-Full-Release-PDF ...",Financial Services
Capital Southwest Announces Receipt of Second SBIC License,"DALLAS, April 21, 2025 (GLOBE NEWSWIRE) -- Capital Southwest Corporation (“Capital Southwest”) (Nasdaq: CSWC), an internally managed business development company focused on providing flexible financing solutions to support the acquisition and growth of middle market businesses, today announced its wholly owned subsidiary, Capital Southwest SBIC II, LP (“SBIC II”), has received a license from the U.S. Small Business Administration (“SBA”) to operate as a Small Business Investment Company (“SBIC”)",Financial Services
"While institutions own 44% of Medibank Private Limited (ASX:MPL), individual investors are its largest shareholders with 56% ownership",Key Insights The considerable ownership by individual investors in Medibank Private indicates that they collectively...,Financial Services
"Third Century Bancorp Releases Earnings for the Quarter Ended March 31, 2025","FRANKLIN, Ind., April 21, 2025--(OTCPINK: TDCB) - Third Century Bancorp (""Company""), the holding company for Mutual Savings Bank (""Bank""), announced it recorded unaudited net income of $449,000 for the quarter ended March 31, 2025, or $0.38 per basic and diluted share, compared to net income of $330,000 for the quarter ended March 31, 2024, or $0.28 per basic and diluted share.",Financial Services
TrustCo Reports First Quarter 2025 Net Income of $14.3 Million From Repricing Loan Portfolio and Well-Managed Cost of Funds,"Executive Snapshot: Bank-wide financial results: Key metrics for the first quarter 2025: Net income of $14.3 million increased 17.7% compared to $12.1 million for the first quarter 2024Net interest income of $40.4 million, up 10.4% from $36.6 million compared to the first quarter 2024Average loans were up $104.7 million for the first quarter 2025 compared to the first quarter 2024Average deposits were up $103.3 million for the first quarter 2025 compared to the first quarter 2024 Capital positio",Financial Services
"Community West Bancshares Reports Earnings Results for the Quarter Ended March 31, 2025, and Quarterly Dividend","FRESNO, Calif., April 21, 2025--Community West Bancshares reports earnings results for the quarter ended March 31, 2025, and quarterly dividend",Financial Services
Why Comerica Stock Was Sliding Today,"A mixed earnings report sent shares of Comerica (NYSE: CMA) downward on Monday. In the first quarter, Comerica booked $829 million in total revenue. Although that was up 6% compared to the prior-year period, it didn't quite meet the analysts' consensus estimate for revenue of slightly more than $831 million.",Financial Services
Trump’s Push Against Powell Adds to Doubts of US’s Haven Status,(Bloomberg) -- The sell-America trade gathered momentum on Monday on concern President Donald Trump will act upon his threat of firing Federal Reserve Chairman Jerome Powell and implement policies that lead to a recession.Most Read from BloombergDOGE Visits National Gallery of Art to Discuss Museum’s Legal StatusTrump Gives New York ‘One Last Chance’ to End Congestion FeeTrump Administration Takes Over New York Penn Station RevampThe Racial Wealth Gap Is Not Just About MoneyNashville’s $3 Billio,Financial Services
Northeast Community Bancorp: Q1 Earnings Snapshot,"WHITE PLAINS, N.Y. (AP) — Northeast Community Bancorp Inc. NECB) on Monday reported net income of $10.6 million in its first quarter. The bank, based in White Plains, New York, said it had earnings of 78 cents per share.",Financial Services
"Market Chatter: Coinbase, Paxos, Other Crypto Firms Plan to Apply for Bank Charters","Coinbase Global (COIN), Circle, BitGo, and Paxos are planning to apply for bank charters or licenses",Financial Services
ASX Dividend Stocks To Consider In April 2025,"As the Australian market recently demonstrated resilience by climbing above the 7,800 points level despite mixed signals from Wall Street, investors are increasingly focused on sectors like Energy that have shown robust performance. In this context, selecting dividend stocks can be a strategic choice for those looking to capitalize on stable returns in a dynamic market environment.",Financial Services
Undiscovered Gems in Australia To Watch This April 2025,"As the Australian market navigates its own path, closing above the 7,800 points level despite Wall Street's influence, small-cap stocks continue to capture attention with sectors like Energy leading gains. In this dynamic environment, identifying undiscovered gems requires a keen eye for companies that demonstrate resilience and potential amidst shifting economic conditions and sector performances.",Financial Services
"NorthEast Community Bancorp, Inc. Reports Results for the Three Months Ended March 31, 2025","WHITE PLAINS, N.Y., April 21, 2025 (GLOBE NEWSWIRE) -- NorthEast Community Bancorp, Inc. (Nasdaq: NECB) (the “Company”), the parent holding company of NorthEast Community Bank (the “Bank”), generated net income of $10.6 million, or $0.80 per basic share and $0.78 per diluted share, for the three months ended March 31, 2025 compared to net income of $11.4 million, or $0.87 per basic share and $0.86 per diluted share, for the three months ended March 31, 2024. Kenneth A. Martinek, Chairman of the",Financial Services
"September Fed Rate Hike On The Cards Amid Elevated Inflation, Trump's Feud With Powell, Macquarie Says",The Federal Reserve could increase its policy rate in September if inflation expectations remain ele,Financial Services
State Street reports 39% surge in Q1 2025 profit,"The company has reported $3.28bn in revenue in Q1 2025, a 5% increase from $3.13bn in Q1 2024.",Financial Services
"Why Even High-Quality Financial Stocks American Express, Blackstone, and Ally Financial Plunged Today","The across-the-board declines were likely due to angst over President Donald Trump's morning social media post regarding Federal Reserve Chairman Jay Powell, which some investors took as a threat to the Fed's independence. On top of this, China sent out a new threat to countries potentially making trade deals with the U.S., which could complicate the process for getting deals done.",Financial Services
A Rallying Bitcoin Could Stimulate Coinbase Stock — Here's One Way To Cash In,"Bitcoin is rallying, which could help provide some stimulus for Coinbase stock. The stock also is starting to show signs of accumulation.",Financial Services
Oil Declines on Fear Trade War Will Weaken Global Energy Demand,"(Bloomberg) -- Oil fell as President Donald Trump stepped up his criticism of Jerome Powell over monetary policy, rattling financial markets, while a growing trade war between the US and China threatens to cripple global energy demand. Most Read from BloombergDOGE Visits National Gallery of Art to Discuss Museum’s Legal StatusTrump Gives New York ‘One Last Chance’ to End Congestion FeeTrump Administration Takes Over New York Penn Station RevampThe Racial Wealth Gap Is Not Just About MoneyNashvil",Financial Services
"Apple vs. Meta Platforms: Which ""Magnificent Seven"" Stock Has More Upside After the Recent Sell-Off?","The Roundhill Magnificent Seven ETF, an exchange-traded fund that tracks ""Magnificent Seven"" stocks, is down close to 18% this year. While uncertainty is at an all-time high, investors are also circling the wagons and looking at stocks that are as cheap as they have been in six months or more. Many investors remain bullish on artificial intelligence (AI) and believe few stocks will benefit more than those in the Magnificent Seven.",Financial Services
"Is Meta Platforms, Inc. (META) the Best Stock to Buy According to Billionaire Chris Rokos?","We recently published a list of 10 Best Stocks to Buy According to Billionaire Chris Rokos. In this article, we are going to take a look at where Meta Platforms, Inc. (NASDAQ:META) stands against other best stocks to buy according to billionaire Chris Rokos. Chris Rokos is a highly respected British hedge fund manager who […]",Financial Services
Blackstone First Quarter 2025 Earnings: Beats Expectations,Blackstone ( NYSE:BX ) First Quarter 2025 Results Key Financial Results Revenue: US$3.17b (down 11% from 1Q 2024). Net...,Financial Services
World’s Economic Chiefs Face Trump’s Trade War in Washington,(Bloomberg) -- Subscribe to Economics Daily for the latest news and analysis.Most Read from BloombergDOGE Visits National Gallery of Art to Discuss Museum’s Legal StatusTrump Gives New York ‘One Last Chance’ to End Congestion FeeTrump Administration Takes Over New York Penn Station RevampThe Racial Wealth Gap Is Not Just About MoneyNashville’s $3 Billion Transit Plan Brings a Call for Zoning ReformWorld economic and finance chiefs want an off-ramp from the worst global trade crisis in a century.,Financial Services
A Guide to Reels Ads [Infographic],Some handy pointers for your Reels promotions.,Financial Services
Why Credit Card Stocks Are So Volatile Today,"Capital One Financial's (NYSE: COF) planned acquisition of Discover Financial Services (NYSE: DFS) has received regulatory approval, and investors are breathing a sigh of relief. Shares of Discover opened up 7% and Capital One up 5%, before retreating with the broader market to up 2% and 1% as of 11:30 a.m. ET. MasterCard (NYSE: MA) and Visa (NYSE: V) were headed in the other direction, both down about 3% midday.",Financial Services
Peapack Private Bank & Trust Now Open in NYC,"BEDMINSTER, NJ - April 21, 2025 (NEWMEDIAWIRE) - Peapack-Gladstone Financial Corporation (NASDAQ Global Select Market: PGC) and Peapack Private Bank & Trust are excited to announce the opening of their flagship location in New York City at 300 Pa...",Financial Services
KINS vs. KNSL: Which Excess & Surplus Insurer Should You Bet On?,"Let's find out which insurer is a safe investment option, KINS or KNSL.",Financial Services
US Climate Tech Investment Achieves Six Straight Months of Growth; Silicon Valley Bank Releases Annual Report,"The climate tech sector is seeing signs of recovery as venture capital (VC) is flowing into energy, manufacturing, and carbon tech, according to the latest report from Silicon Valley Bank (SVB), a division of First Citizens Bank. Additionally, Climate tech funds are outperforming overall VC, reaching a 9% higher internal rate of return (IRR) in the 2020-2024 fund vintage.",Financial Services
"World Economic Forum Chair Klaus Schwab Resigns After 55 Years, Interim Successor Takes Over","Klaus Schwab, Founder and Chairman of the World Economic Forum’s (WEF) Board of Trustees, has officially resigned after 55 years of service in the Geneva-based institution. Schwab, who is entering his 88th year, informed the Board of Trustees of his decision, effective immediately. “Following my recent announcement, and as I enter my 88th year, I have decided to step down from the position of Chair and as a member of the Board of Trustees, with immediate effect,” Schwab stated in an official rel",Financial Services
Upstart Holdings Stock Sees RS Rating Jump To 86,"Upstart Holdings shows rising price performance, earning an upgrade to its IBD Relative Strength Rating from 75 to 86.",Financial Services
Solera National Bancorp Announces First Quarter 2025 Financial Results,"Net income of $4.6 million ($1.08 per share), a $1.6 million or 54% increase from Q1 2024. Q1 2025 pre-tax and pre-provision income of $6.4 million. 3rd best quarter! LAKEWOOD, CO / ACCESS Newswire / April 21, 2025 / Solera National Bancorp, Inc. ...",Financial Services
3 Companies Believed To Be Trading Below Intrinsic Value In April 2025,"Amid ongoing concerns about tariff policies and Federal Reserve leadership, the U.S. stock market has experienced significant volatility, with major indices such as the Dow Jones Industrial Average and S&P 500 seeing sharp declines. In this uncertain environment, investors often look for opportunities in stocks that are believed to be trading below their intrinsic value, offering potential for growth when market conditions stabilize.",Financial Services
Uncovering US Market's Hidden Gems with 3 Promising Stocks,"Amidst a backdrop of market volatility driven by tariff concerns and fluctuating economic indicators, the U.S. stock market has experienced significant shifts, with major indices like the Dow Jones Industrial Average seeing substantial declines. In such turbulent times, uncovering hidden gems—stocks that may offer potential despite broader market challenges—requires a keen eye for companies with strong fundamentals and resilience to external pressures.",Financial Services
Dividend Stocks To Consider In April 2025,"As the United States market grapples with significant volatility due to persistent tariff concerns and tensions over Federal Reserve leadership, investors are seeking stability amid the turbulence. In such uncertain times, dividend stocks can offer a reliable income stream and potential for long-term growth, making them an attractive option for those looking to navigate these challenging market conditions.",Financial Services
Management Weighs in on the Macro,"Daniela Rus -- author of The Heart and The Chip and The Mind's Mirror -- talks through the nature of developing truly autonomous robots, and how most cutting-edge robotics work gets funded. To catch full episodes of all The Motley Fool's free podcasts, check out our podcast center.",Financial Services
Moody's (NYSE:MCO) Partners With MSCI For Innovative Private Credit Risk Assessment Solution,"Moody's (NYSE:MCO) recently announced a joint initiative with MSCI to develop an innovative solution for assessing risks in private credit investments. This collaboration leverages MSCI's vast data repository and Moody's EDF-X models, providing enhanced risk insights and tools for investors. Despite this positive development, Moody's shares declined 2.93% last week, aligning closely with broader market pressures, where major indexes including the Dow Jones and S&P 500 also saw significant...",Financial Services
Will Strong Market Making Unit Aid Virtu Financial's Q1 Earnings?,VIRT's Q1 results are expected to gain on higher trading income in the Market Making and Execution Services segments.,Financial Services
Jim Cramer Sees Comerica Incorporated (CMA) as a Quiet Standout in Banking,"We recently published a list of Jim Cramer’s Game Plan for Next Week: 25 Stocks in Focus. In this article, we are going to take a look at where Comerica Incorporated (NYSE:CMA) stands against other stocks that Jim Cramer discussed. On Thursday, Jim Cramer, the host of Mad Money, walked viewers through what he described […]",Financial Services
JPMorgan Chase & Co. (JPM): Among Billionaire Rob Citrone’s Top Stock Picks,"We recently published a list of Billionaire Rob Citrone’s Top 10 Stock Picks. In this article, we are going to take a look at where JPMorgan Chase & Co. (NYSE:JPM) stands against other billionaire Rob Citrone’s top stock picks. Robert K. Citrone is a well-known figure in the financial world. Rob, as many call him, […]",Financial Services
Grupo Financiero Galicia S.A. (GGAL): Among Billionaire Rob Citrone’s Top Stock Picks,"We recently published a list of Billionaire Rob Citrone’s Top 10 Stock Picks. In this article, we are going to take a look at where Grupo Financiero Galicia S.A. (NASDAQ:GGAL) stands against other billionaire Rob Citrone’s top stock picks. Robert K. Citrone is a well-known figure in the financial world. Rob, as many call him, […]",Financial Services
Saba Capital Files Lawsuit Against ASA Gold and Precious Metals and its Legacy Directors Over Latest Unlawful Poison Pill,"NEW YORK, April 21, 2025--Saba Capital Management, L.P. (together with certain of its affiliates, ""Saba""), the largest common shareholder of ASA Gold and Precious Metals Limited (NYSE: ASA) (""ASA"" or the ""Fund"") with 17.2% ownership of the Fund’s outstanding shares, today announced that it has filed a lawsuit in the United States District Court for the Southern District of New York (the ""Court"") against ASA and the legacy members of its Board of Directors (the ""Board"") – Mary Joan Hoene and Will",Financial Services
Fiera Capital Insiders Added CA$11.9m Of Stock To Their Holdings,Quite a few insiders have dramatically grown their holdings in Fiera Capital Corporation ( TSE:FSZ ) over the past 12...,Financial Services
Can Discover Financial Beat Q1 Earnings on PULSE Strength?,DFS' first-quarter results are likely to benefit from higher non-interest income.,Financial Services
Traders Stampede Into Bullish Bets on Gold,"Gold prices have been on a tear. Some traders are wagering the run will continue. There's been a rush into options bets that would likely pay out if prices kept rising. Trading in call options tied to one of the largest gold exchange-traded funds—trades that give the right to buy shares at a given price, by a stated date—surged to an all-time high late last week.",Financial Services
Five Star Bancorp Declares First Quarter Cash Dividend,"RANCHO CORDOVA, Calif., April 21, 2025 (GLOBE NEWSWIRE) -- Five Star Bancorp (Nasdaq: FSBC) (“Five Star” or the “Company”), a holding company that operates through its wholly owned banking subsidiary, Five Star Bank (the ""Bank""), announced today the declaration of a cash dividend of $0.20 per share on the Company’s voting common stock. The dividend is expected to be paid on May 12, 2025, to shareholders of record as of May 5, 2025. About Five Star BancorpFive Star is a bank holding company headq",Financial Services
U.S. Bank Announces Leader for Investment Services Division,"MINNEAPOLIS, April 21, 2025--U.S. Bank today announced that it has united its Global Fund Services and Global Corporate Trust teams into a single Investment Services division led by Jay Martin.",Financial Services
Ameriprise Financial Earns Technology Innovation Award for its PracticeTech® platform,"MINNEAPOLIS, April 21, 2025--Ameriprise Financial (NYSE: AMP) today announced it received the Bank Insurance and Securities Association (BISA) Technology Innovation Award for its PracticeTech® platform, a secure, integrated technology capability that enables financial advisors to effectively and efficiently manage their practices. The PracticeTech® platform is a suite of capabilities that includes centralized reports, delegation access, turnkey meeting preparation, marketing deliverables and ass",Financial Services
Will Prosperity Bancshares (PB) Beat Estimates Again in Its Next Earnings Report?,Prosperity Bancshares (PB) has an impressive earnings surprise history and currently possesses the right combination of the two key ingredients for a likely beat in its next quarterly report.,Financial Services
"Instagram Implements Expanded AI Age Checking, New Parent Prompts","Expanded age checking from Meta, as it looks to advanced its AI age verification process.",Financial Services
Top Midday Stories: Capital One's Discover Acquisition Clears Regulatory Hurdles; Boeing Averts 737 Max Slowdown,All three major US stock indexes were down past 2.5% in late-morning trading Monday after President,Financial Services
Significant Portfolio Changes: UnitedHealth Group Inc Sees Major Reduction by Eaton Vance ...,Exploring the Strategic Moves in the Health Sciences Sector,Financial Services
"American Express Faces Slower Revenue Growth on Tariffs, Morgan Stanley Says",American Express (AXP) is likely to post slower revenue growth in H2 and through 2026 as tariffs fue,Financial Services
Tokio Marine (TKOMY) Upgraded to Strong Buy: Here's What You Should Know,"Tokio Marine (TKOMY) might move higher on growing optimism about its earnings prospects, which is reflected by its upgrade to a Zacks Rank #1 (Strong Buy).",Financial Services
"Top Stock Movers Now: Tesla, Nvidia, Salesforce, and More",U.S. equities tumbled at midday as President Donald Trump continued his criticism of Federal Reserve Chair Jerome Powell and no changes in U.S. tariff policies were announced.,Financial Services
"Goldman Sachs, Other Key US Banks Set to Benefit From Fed's Stress Test Proposal, UBS Says","Goldman Sachs Group (GS), Morgan Stanley (MS), Citigroup (C), Capital One (COF), and M&T Bank (MTB)",Financial Services
