title,category
"""재판관 가처분, 인용 시 반성해야""…박성재 ""권한정지였다""",Politics
꺼지지 않는 ‘한덕수 단일화론’…국힘 주자들 “인물 없나” 견제,Politics
"함익병 “이준석 싸가지 없어 보여, 우리 애들도 똑같더라”",Politics
"한동훈 ""다수 후보 '윤심팔이'…민심이 5000만 배 중요""",Politics
이완규·함상훈 지명했지만 지명은 아니다? 한덕수의 궤변,Politics
'최상목 탄핵청문회' 쟁점 셋…①尹 쪽지②마은혁 ③美국채,Politics
“국민여러분! A4용지가 ‘쪽지’랍니다”…최상목 ‘황당 답변’에 민주 ‘대폭발’,Economic
국민의힘 1차 경선 진출자는 8명…22일까지 ‘빅4’로 압축,Economic
"최상목, 계엄 나흘뒤 휴대전화 교체…처음엔 부인했다가 인정해 ‘위증 논란’",Economic
"함익병 ""이준석, 싸가지 없으나 국가 변화 만들 지도자""",Economic
"한동훈 ""김건희 지적 나만 했다...입 꾹 닫고 아부만 한게 정치경험이냐"" 직격",Economic
"""드럼통이 왜?"" 나경원 도발에 민주당 '발끈'.. 정치쟁점화에 손익 계산은?",Economic
드럼통 들어간 나경원…김상욱 “보수 중진이면 좀 더 신중해야”,Culture
대선 주자 릴레이 인터뷰...김문수 후보를 만나다,Culture
"권성동 ""헌재·선관위, 신뢰 치명상…다 뜯어 고쳐야""",Culture
"안철수 ""우리 당에 그렇게 인물이 없나… 지금 필요한 건 '반성'""",Culture
"최상목, 계엄 직후 폰 안 바꿨다더니…5분 만에 ‘위증’ 들통",Culture
"""너무 당연해서 법조문 없는 것""…최상목에 '위법' 일침 날린 교수 [현장영상]",Culture
"[맞수다] ""안가 압색 불가? 검찰 내란 가담 의혹""‥""김성훈 사의, 수사 확 빨라져""",World
'1조 먹튀 논란' 인니 대신 UAE?…KF-21 전투기 사업 '반전 국면',World
박성재 “제가 무슨 내란을 했나···권한정지 너무 억울했다”,World
"김동연 ""비과세·감면 손봐야…증세 문제도 국민 앞에 솔직해야""",World
"나경원 ""이념이 먹고 사는 문제…진보당 국회 입성 길, 이재명이 열어줘""",World
"""제가 드럼통 들어갔던 건"" 나경원이 밝힌 사진의 의미 [현장영상]",World
"안철수, 오세훈과 오찬 회동…""중도확장성이 대선 승패 좌우""",IT
"함익병 ""이준석, 매력 있지만 싸가지는 없다"" 평가…왜",IT
"'드럼통' 들어간 나경원에…""영현백"" 맞불 놓은 민주당",IT
"민주당 “홍준표, ‘명태균 게이트’ 해명해야…더는 책임 회피 안 돼”",IT
"총리실, 종편 '한덕수 띄우기'에 해명자료 내기 '진땀'",IT
"나경원 ""드럼통 사진? 이재명이 대통령 됐을 때 우려 보여준 것""",IT
