titles,category
'윤 어게인 신당' 창당 보류... 국힘 대선주자들도 '거리두기',Politics
"""연금개혁, '표' 아닌 '길' 만드는 일…자동조정장치 '만능열쇠' 아냐""",Politics
대선 코앞 보수 진영서 급부상한 한덕수 출마론,Politics
‘골프광’ 트럼프 상대할 대선 주자들 골프·영어 실력은…,Politics
"""통계 이용한 거짓말, 숫자 그대로 받아들여선 안 돼""[인터뷰]",Politics
"이재명 캠프 좌장 윤호중 ""어대명? 최대치는 55대 45, 마지막은 박빙"" [대선 캠프 브레인 인터뷰]",Politics
"""집에 간 尹 부부에 꽃다발 준 주민, 안보실 1차장 모친이었다""",Politics
"김재원 ""한덕수, 대대행 체제로 혼란 커질까 출마 쉽게 결정 못해""",Politics
[뉴스UP] '윤 어게인 신당' 잠정 보류...창당 여지는?,Politics
"“검찰, 윤석열 부부 관련 증거 축소·진술 외면”",Politics
분열한 보수 위로 '대세론' 타고 내달리는 이재명…비호감도는 '장벽',Politics
"이재명 대항마는? '강골' 김문수, '당세' 나경원, 'AI' 안철수, '팬덤' 한동훈, 'TK' 홍준표",Politics
김계리·배의철 회견 돌연 취소…'윤 어게인 신당' 창당 보류,Politics
홍준표 “이재명에게 여배우 무상연애 왜 했나. 그걸 물어야 한다”,Politics
대권가도 고속도로 뚫린 이재명…3자 대결에서도 ‘넘사벽’,Politics
"[소종섭의 속터뷰]양기대 ""통합 필요한 세력 진정성 있게 껴안아야""",Politics
"이정주 ""김문수는 당선, 캠프는 당권이 목표?""[한판승부]",Politics
"손목 잡혀 끌려간 기자‥권성동 되레 ""고소한다""",Politics
도봉역 벤츠 난동 사건 “범인은 이재명 아들이다”…진실은?,Politics
"""멀쩡한데 왜 사회복무요원으로…"" 특혜 아닌, '당당한 병역감면'도 있다",Politics
"신동욱 ""尹 경선 개입 가능성 낮아, 개입시 입장 낼 것""[한판승부]",Politics
"[인터뷰] 양향자 ""보수세력과 함께 대한민국 위기 제대로 극복할 것""",Politics
[이충재 칼럼] 윤석열·한덕수가 가장 두려워하는 것,Politics
"홍준표, ‘명태균 의혹’ 묻자…대답 대신 “이재명한테 가보라”",Politics
"국힘 후보들 ""이재명 꺾겠다""…'윤석열 손절론' 고개",Politics
"국민의힘 '떨떠름'‥""용산에선 나가야겠지만‥""",Politics
"권성동 '기자폭행' 논란에…민주당 ""허용 안 되는 폭력상황""",Politics
"""김문수가 괜찮다 아이가"" ""홍준표가 낫지예"" 갈라진 부산 민심[르포]",Politics
"국힘 주자들, 출마선언문에 '이재명'만 외쳤다",Politics
"또 '충청대망론'…김동연, 이번엔 다를까",Politics
"헌재 제동, 중도층 반대에 흔들리는 ‘한덕수 대망론’",Politics
"육사 생도·논산 훈련병, 삼성밥 먹는다…장병 입맛 잡기 ‘2조원 軍급식’ 쟁탈전[이현호의 밀리터리!톡]",Politics
"""尹 부부, 파면 뒤 관저에서 뭘 했길래""…일주일간 수돗물 무려 '228톤' 썼다",Politics
"홍준표 ""尹, 평생 검사만 해 정치력 없어…이준석 품어야 이재명 이겨""[인터뷰]",Politics
"尹사저 현수막도, 노란 꽃다발도..실세 '김태효 모친' 작품",Politics
국힘 토론회 관전포인트…①나경원vs한동훈 ②4위 싸움 ③한덕수,Politics
변호인단 ‘윤어게인 신당’ 잠정 보류… 尹 “하나로 합쳐야 할 때” 만류,Politics
'한덕수 탄핵' 미룬 민주…'헌재 임기연장' 강공,Politics
"""나니가스키 안철수"", ""공유 소환 김문수""…대선 주자들의 '밈'[오목조목]",Politics
"나·한·홍 ‘1차 토론 죽음의 조’ … 김·안, 청년·미래로 맞붙는다",Politics
이재명표 국방 “선택적 모병제가 맞다”,Politics
"이재명, ‘행정수도론’ 재점화…대선 주요 이슈 되나",Politics
"친한계 ""대통령은 5년이면 끝, 보수정당은 영원…尹과 단절해야""",Politics
"투표함에 특수봉인지, 뜯으면 모양 변했다…“부정선거 불가능”",Politics
"유정복 ""이번은 '尹 보내고 明 퇴출' 대선…尹 붙들고 가면 필패"" [대선주자 릴레이 인터뷰③]",Politics
"[대선주자 인터뷰]이철우 ""'비상장 우량주'인 제가 경선 1등 하면 국민에 감동 줘…'새 인물'이 돼야""",Politics
'빅텐트' 한덕수와 단일화에 김문수 '긍정적'…국힘 경선 변수되나,Politics
민주시민을 위한 여론조사 안내서...이 정도는 알아두자,Politics
용산? 청와대? 일단 세종?... '대통령 집무실' 완성 전엔 어디로 가나,Politics
노무현도 접었던 '세종 수도'... ①위헌 논란 ②초당적 민심 ③수도권 반발 넘어야,Politics
"김문수 ""탄핵 넘어선 '반명 빅텐트' 필요... 한덕수 유승민 김부겸과도 단일화"" [인터뷰]",Politics
"""민심과 당심에서 모두 이기겠다""…홍준표 공언 현실화 조짐?",Politics
찬탄 한동훈 vs 반탄 나경원-이철우-홍준표… 계엄 놓고 20일 ‘토론 배틀’,Politics
"‘尹어게인 신당’ 예고한 변호인단, 4시간만에 “일단 유보”",Politics
8일만에 흔들린 ‘한덕수 차출론’… 국힘 후보들도 “출마 안돼”,Politics
“내가 이재명 저격수” 이구동성… 홍준표·한동훈·나경원 같은 조,Politics
"[단독] ‘비명횡사’ 논란 여론조사 업체, 간판만 바꿔 민주당 경선 참여",Politics
‘판’ 커진 대선… 사법지형도 차기 정부에 달렸다,Politics
[한반도 포커스] 검열은 끝나지 않았다…김정은 최측근도 사라져,Politics
"국힘 ""이재명 꺾겠다""…'윤 손절론' 고개",Politics
"손목 잡혀 끌려간 기자‥권성동 되레 ""고소한다""",Politics
"반짝했던 文 뉴딜 펀드, 지금은 -7%… 朴 통일 펀드도 -4% 수익률",Politics
"안철수 “이재명이 AI를 뭘 아나… 기술 패권 시대 대통령, 이과 출신인 내가 적격”",Politics
靑·국토부까지 나서… 文정부 내내 부동산·소주성 통계 대놓고 조작,Politics
"""세종으로 완전 이전""‥'행정수도' 치고 나왔다",Politics
한동훈·나경원·홍준표 '죽음의 B조'…국민의힘 경선토론 '대흥행 예고',Politics
[현장] 충청에 '충심(忠心)' 보여준 아들 김동연…박수갈채 보낸 당원들,Politics
[6·3대선] 미워도 다시 한번? 거대 의석 후보에? 흔들리는 강원표심 어디로,Politics
챗GPT가 분석한 국힘 경선 시뮬레이션…승자는 누구?,Politics
"""세종으로 가겠다""…'대통령실 이전' 공약 내거는 李·金·金",Politics
"""미군 왜 경례 안하지?"" 軍 좋아했지만 軍 몰랐던 '밀덕 尹' [尹의 1060일 ⑩]",Politics
"[현장] ""밀지 마세요"" 호소에도 비집고 안으로…김문수 선거캠프 개소식 '문전성시'",Politics
"""사저 돌아간 윤석열에 꽃다발 건넨 입주민, '이 사람' 어머니였다""",Politics
“尹 파면 후 7일간 관저 수돗물 228t 콸콸”…대통령실 반박은?,Politics
"“신당 이름에 윤석열?”.. 4시간 만에 접은 창당 선언, 진짜 주어는 누구였나",Politics
[대선언팩] 민주화 이후 ‘충청의 마음’ 사로잡은 후보가 대통령 당선,Politics
"김민수 ""트럼프도 부정선거 이야기 해…부정선거 의혹, 끝까지 파헤쳐야"" [일타뉴스]",Politics
"정성호 ""나경원 '드럼통'? 제1야당 대표를 조폭에 비유…부끄럽다""",Politics
[투나잇이슈] 국힘 토론 대진표 확정…민주 3인방 '충청표심' 공략,Politics
[뉴스NIGHT] 국민의힘 '토론 대진표' 확정...'대통령실 이전' 재점화,Politics
"박지원 “국힘 후보, 홍준표 될 것…한덕수는 수양버들”",Politics
서초동 사저 돌아온 尹에 꽃다발 건넨 입주민…김태효 모친이었다,Politics
"반나절 만에 중단된 '윤 어게인 신당' 창당… 尹 ""지금은 힘 합칠 때"" 만류",Politics
‘세대교체론’ 꺼낸 이준석 “비만 고양이 그만…집권하면 새끼 호랑이 시대”[대선주자 인터뷰-쿠키],Politics
국민의힘 경선 초반 洪·金·韓 '3강'…安·羅 '2중' 구도(종합),Politics
홍준표 12% 김문수 9%…국힘 경선 판도 바뀌나,Politics
"'헌법재판관 가처분' 인용 설전…국힘 ""헌재가 민주당 헌법 출장소냐"" 민주 ""한덕수 석고대죄해야""",Politics
김빠진 ‘한덕수 차출론’ 미련 못 버리는 국힘,Politics
[인터뷰 전문] 이준석 의원이 대통령이 되어야 하는 이유는?,Politics
[윤정호의 앵커칼럼] 이스터 섬의 교훈,Politics
[따져보니] 모병제? 여자도 징병?…'병역' 공약 봇물,Politics
"이낙연 ""민주, 이재명 방탄 외 뭘했나…이런 세력에게 권력은 흉기""",Politics
‘대통령 적합도’ 이재명 39%vs홍준표·김문수 8%[NBS],Politics
재판관 지명 효력정지에 '한덕수 출마론' 흔들?,Politics
"'반이재명 빅텐트론'도 주춤...""구심력이 없다?""",Politics
"대선 3자대결서 이재명 45%, '국힘 후보 17∼24%', '이준석 7∼9%'",Politics
김문수 지지율 ‘출렁’…한 주 만에 4%P 빠져 홍준표와 동률,Politics
"3자대결서 이재명 45%, 국힘 후보 17∼24%, 이준석 7∼9%[NBS](종합2보)",Politics
나경원·이철우·한동훈·홍준표 1차 토론 '죽음의 조'…19·20일 조별 토론회,Politics
"[데일리안 오늘뉴스 종합] ""내가 이재명 꺾을 후보"" 국민의힘 대선 후보, '경선 레이스' 본격 돌입…뉴스타파 취재 태도 논란에 국민의힘 ""국회기자 명패 없이 룰 밖 취재"" 등",Politics
[D리포트] '윤어게인 신당' 논란...톡방 비번은 '비상계엄' 암시,Politics
"[돌비뉴스] ""228톤 썼다"" 물 새는 관저?…대통령실 내놓은 입장이",Politics
"[돌비뉴스] ""여사에 아부, 탬버린만"" 언급에…한동훈-김민전 또 붙었다",Politics
"`윤 어게인` 신당창당 예고했던 변호인단, 4시간만에 기자회견 취소",Politics
물 228톤은 어디로 흘렀나…뒤늦게 윤석열과 거리 두는 국힘 [공덕포차],Politics
"민주, ‘비명횡사 논란’ 업체에 경선 여론조사 또 맡겨",Politics
"숏폼으로 짧고 굵게? ""정책보다 이미지 선거""",Politics
"‘권한대행, 대통령몫 헌법재판관 임명 금지’ 개정안 본회의 통과",Politics
나경원 “이재명 1인 독재 막아야…의회전문가인 내가 상대”,Politics
"이재명의 忠心 잡기…“세종에 제2집무실, 대전은 과학수도로”",Politics
"차기 정부 대통령실 선호도, 청와대 47.3% ‘1위’",Politics
조경태 “윤석열 제명 안하면 반이재명 빅빅텐트도 소용 없어”,Politics
"내란 특검 등 7개 법안, 재표결서 부결..수신료 통합 징수 가결",Politics
[단독] 갑질 일삼은 공군 간부…'누가 신고했어' 색출 시도까지,Politics
"권성동, 기자 팔목 잡고 ""이리 오세요""‥""왜곡된 언론관"" 질타",Politics
"'탄핵 반대' 친윤계 의원들, 잇단 캠프행…이유는?",Politics
"[단독] ""영장 과장됐지만 허위는 아니다""?…국방부 '불기소 의견' 이유가",Politics
[대선참견시점] 김문수 턱걸이 이어 팔씨름‥이재명·로제 나란히,Politics
'이재명 꺾겠다' 한목소리…'윤석열 손절론'도 고개,Politics
[나는 후보다]김동연 “어대명 아닌 어대국”,Politics
'관습 헌법'에 막힌 세종 이전…대선 쟁점 되나?,Politics
"홍준표 ""87년 체제 종식하고 7공화국 열어 선진 대국으로 나갈 때""",Politics
"'반이재명 빅텐트론'도 주춤...""구심력이 없다?""",Politics
"[여랑야랑]홍준표, 답변을 피하는 방법? / 이재명, ‘타임 100’ / ‘이과생’ 안철수가 해결?",Politics
"“尹, 돌아올 뜻 없다더니”.. 탄핵 맞섰던 변호인들, ‘윤어게인 신당’ 전면 등장",Politics
국민의힘도 '용산 계승'엔 '갸웃'‥'수도 이전' 개헌 논의 이어지나?,Politics
"이재명 ""세종에 국회·대통령 집무실""‥행정수도 대선 쟁점 급부상",Politics
[권순욱 칼럼] 한덕수가 유일 희망이라는 사람들,Politics
"최재형, 한동훈 캠프 합류···“저보다 이 시국 적합한 후보”",Politics
"이재명 캠프 “도봉역 벤츠 난동, 李아들 아냐…허위정보 유포자 고발”",Politics
"""헌재, 이미 본안 심리 끝낸 수준""..한덕수 재판관 지명 가처분 인용, 법리적 해석은",Politics
"국민의힘, 기자폭행·답변거부 논란 속 '미디어데이' 행사…취지 무색?",Politics
"[이슈플러스] 국민의힘 토론 조 편성...이재명 ""세종 집무실 건립""",Politics
이재명캠프 “도봉역 벤츠 사건 李 아들 아냐…허위정보 유포자 고발”,Politics
"[정치톡톡] 이재명과 로제 / ""60초를 맞춰라"" / 기업인 총리?",Politics
민주 ‘0.73%P 악몽’ 차단… 본선 전부터 ‘反明 빅텐트’ 견제구 [6·3 대선],Politics
[뉴스추적] '세종시 이전' 내세운 이재명…필요 절차는?,Politics
한덕수 차출론 ‘흔들’ 지지율 ‘출렁’… 洪·韓 동반 상승세 [6·3 대선],Politics
경선 주자들 “세종으로” “靑 복귀” 분분… 용산 출발은 난색 [6·3 대선],Politics
"'국민소득 5만弗' 이재명 공약에 한동훈 ""뻥은 안 돼""",Politics
"이재명, 행정도시 이슈로 선제 공략…실제로 사용할 가능성은 작아 [6·3 대선]",Politics
[아는기자]尹 이름 내건 신당 예고…尹 참여하나?,Politics
이재명 “대통령 집무실 세종 이전 추진”…개헌 이슈 첫 공약,Politics
한동훈 2028년까지 4만달러 VS 이재명 2030년까지 5만달러,Politics
“기득권 반명 빅텐트는 필패… 李와 싸워 이겨 본 내게 맡겨 달라” [대선주자 인터뷰],Politics
"""한동훈 씨가 나보다 더했어""...홍준표, 韓과 폭소 터뜨린 이유",Politics
[단독]尹 측 “창당 관여 안 한다”,Politics
탄핵 2주 만에 '예능 노선'으로…윤과 거리 두는 국힘 주자들,Politics
"""협조 안 하면 날려버리겠다""… 감사원, 文정부 전방위 통계조작 감사보고서 확정",Politics
"윤석열, 파면 후 일주일간 수돗물 228톤 썼다... ""평균치의 75배""",Politics
"홍준표 ""지방분권 개헌, 국세·지방세 비중 ‘6 대 4’로 먼저 맞춰야""",Politics
재판관 지명 효력정지에 '한덕수 출마론' 흔들?,Politics
"헌법과 법률, 통합과 안정 강조하더니···혼란만 낳은 한덕수의 ‘정치’",Politics
"윤석열 변호인단, ‘윤 AGAIN’ 신당 창당한다더니···돌연 보류",Politics
'토론 배틀' 대진표 짠 국힘…입장 달라도 '반이재명' 똘똘,Politics
"강승규 ""한덕수, 정치적으로 검증된 바 전혀 없어..나경원이 이재명 이길 유일 후보""",Politics
"北 관영TV, 김정은 딸 김주애 단독 클로즈업 장면 여러 번 방영",Politics
"“李, AI기본사회는 모르는 소리… 혁신은 시장에 맡겨야”",Politics
"상법개정안, 내란·명태균 특검 재표결 끝 폐기…52시간 뺀 반도체법 패트 지정(종합)",Politics
"이낙연 ""국가과제 해결 누구와도 협력하겠다""",Politics
"'무리수 지명'에 '말 바꾸기' 논란도…한덕수 출마에 66% ""부정적""",Politics
尹변호인 '윤어게인 신당' 만든다…윤심은?,Politics
얼굴 벌게질 정도 실전 같은 리허설… 8룡8색,Politics
"나경원 ""중국에 '셰셰' 이재명…유력 대선주자인 것 자체가 국난""",Politics
"'강제 입원'·'대장동 비리' 주장 김문수에 민주 ""명백한 허위, 사과 않으면 고발""",Politics
"韓 대망론 커질까 꺼질까, 국힘 경선 통과자 나오면 보인다",Politics
"홍준표, ‘명태균 질문’에 “이재명한테 ‘형수’부터 묻고 와라”",Politics
"홍준표, 명태균 의혹 질문에 ""이재명에 형수 욕설부터 물어보라""",Politics
"김문수 ""기업하다 감옥갈까 한국 탈출…과한 노동법 대폭 손질"" [영상]",Politics
'내란·명태균 특검법·상법' 재표결서 줄줄이 부결…자동 폐기(종합),Politics
5선 의원 친동생에서 한동훈의 ‘믿을맨’으로 [V메이커스],Politics
"""배신자 못찍는다"" ""보수당 환멸""…고뇌하는 보수 텃밭 대구 [르포]",Politics
"홍준표 “트럼프는 여자 건드리고 돈 줬지만, 이재명은 무상연애” 막말",Politics
"통계 들고 ""집값 안 올라""‥뒤에선 ""마사지 좀 해야""",Politics
'상법 개정안·쌍특검법' 최종 부결…재발의 '나중에',Politics
‘이재명 약세’ 영남권 순회 경선 촉각… ‘어대명’ 입증할까?,Politics
"홍준표, ""청와대 세종시 이전…지역주민 현혹에 불과""",Politics
"김문수 ""과도한 노동법이 나라 발목…기업인 감옥 안가는 나라 만들겠다"" [영상]",Politics
"'무한 루프' 내란·명태균 쌍특검법·상법개정안, 결국 폐기 수순(종합)",Politics
"국힘 후보 8명 중 5명 출마의 변 ""내가 이재명 막겠다"" [6·3 대선 D-46]",Politics
"우상호 ""한덕수 출마 불가능.. 옹립 위해선 '창당' 불가피""",Politics
尹정부 거부한 '방송법 개정안' 가결…명태균·내란 특검법 부결,Politics
"홍준표 ""단기선거 많이 해봐…이재명 상대로 판 뒤집을 수 있다""[인터뷰]",Politics
민주당은 '충청권' 표심잡기…국민의힘은 尹과 '선긋기'[박지환의 뉴스톡],Politics
"""명태균 물어볼라 한 거잖아!"" 또 '버튼' 눌린 홍준표 [현장영상]",Politics
"권성동, 기자 손목 잡아끌고 이동 논란···국힘 “신체 위협이었다”",Politics
내란특검법·명태균특검법 등 부결 폐기… 방송법은 표 단속 '실패',Politics
"'처가 동네' 콕 집은 이재명, '중원 공략' 공 들이는 속내",Politics
"박지원 ""나경원, 이재명 드럼통 비하?..尹 신봉하더니 별짓 다 해, 李 타임 100대 인물"" [여의도초대석]",Politics
"국힘 대권주자들 ""내가 이재명 대항마""...1차 경선토론 조추첨 완료",Politics
쌍특검 재표결 '부결'…민주 '충청 공략'·국힘 '토론 추첨',Politics
"""이재명 1인 독재 막아야…의회전문가인 내가 상대""",Politics
"'계속고용' 꺼내든 정치권…""성과 중심 임금체계로 바꿔야 가능""",Politics
"전액 세금으로 처리될 듯...윤석열 파면 후 7일, 관저에서 무슨 일이? [지금이뉴스]",Politics
"조경태 ""'국힘 1호 당원' 尹, 당적 유지 자체가 당에는 짐""",Politics
[연합뉴스 이 시각 헤드라인] - 18:00,Politics
"나경원 ""이념이 밥"" 한동훈 ""중산층 성장"" 홍준표 ""정상국가""",Politics
"“낮추란다. 낮추자”…文정부, 집값 통계 102회 조작",Politics
"이재명 ""임기 내 세종 집무실""…홍준표·안철수 ""청와대 복귀""",Politics
김문수 “美는 이재명 인정 안할 것”,Politics
"폐기된 상법 개정안···민주당, 곧장 강화안 추진? 숨고르기?",Politics
"尹변호인단, 윤석열신당 단톡방에 400명 기자 무단 초대 논란 ",Politics
"“룰 없는 룰, 자격 없는 자격?”… 하지만, 결국 막은 건 질문이었다",Politics
"[속보]국힘 후보 중 대통령 후보 적합 인물, 홍준표 12%-NBS",Politics
"내란특검 등 7개 법안, 재표결서 부결…'수신료 통합징수' 가결",Politics
"'한덕수 재판관 지명 제동' 후폭풍... 민주 ""韓, 대선 출마 간 보지 말라""",Politics
'충청서 이기면 대선 승리' 공식 민주당서 파워 세지는 忠벤저스 [V메이커스],Politics
"2002년 盧처럼 …李 ""세종에 제2 집무실, 대전은 과학수도로""",Politics
"상속세·근소세 인하 경쟁에... 민주당 안에서도 ""감세 논쟁 절제"" 목소리",Politics
"‘질문 거부’ 홍준표, 이번에는 ‘적대적 언론’ 지목",Politics
"상법 개정안, 국회 재표결서 부결 '자동 폐기'(종합)",Politics
"[단독] 김문수 ""'청년 고용'과 'SMR' 최우선 국가 아젠다로…'핵무장'은 신중해야""",Politics
"한동훈 ""윤석열은 과거, 우리는 미래로 가야""",Politics
'죽음의 조' 이철우·나경원·홍준표·한동훈 혈투…22일 웃을 4룡은?,Politics
"李 ""집무실·국회 세종 이전""…캐스팅보트 '중원 공략'",Politics
세종? 청와대? 충남?…6·3 조기대선 대통령실 이전 재점화,Politics
김근식 “반명 민심보다 반윤 민심 훨씬 많아…친윤 반명으로는 이재명을 이길 수 없어”,Politics
"이준석 ""李·한동훈, 정치 진흙탕 만들어…두 분은 제외돼야""",Politics
'내가 한 거 내가 활용'?…한화오션 'KDDX 설계 도용' 진실공방,Politics
내우외환에도 굳건한 '한덕수 존재감',Politics
"尹 모교 동문회 “충암의 아들, 수고하셨습니다… 이름은 역사에 남을 것”",Politics
한덕수 “마지막 소명” 강조에도…출마설 거론되는 배경은,Politics
나경원·한동훈·홍준표 ‘죽음의 조’…국민의힘 1차 경선 토론 조편성,Politics
"'TV 수신료 통합징수' 방송법 개정안, 국회 재표결서 가결",Politics
"'명태균'만 나오면 급발진 홍준표, 오마이뉴스 기자에게 삿대질",Politics
한덕수 대선 출마 '바람직하지 않다' 66%…국힘서 홍준표 '약진',Politics
본회의 충돌…민주 '충청 공략'·국힘 '토론 추첨',Politics
"국힘 후보들 ""내가 이재명 잡을 사람""…집무실 세종 이전·尹관계엔 온도차",Politics
[속보] 내란 특검법·명태균 특검법 국회 재표결서 또 부결…자동 폐기,Politics
"홍준표, 명태균 묻자 ""이재명한테 형수 관련 먼저 묻고 와라""",Politics
"“정당 해산까지 치닫나?”.. 헌재 제동 이후, 국민의힘에 드리운 ‘존립 위기’의 그림자",Politics
"AI 다음 K방산 챙긴 이재명, 선택적 모병제 띄우며 '이대남' 공략",Politics
"이재명 ""선택적 모병제 해야…전쟁 양상 바뀌어"" [짤e몽땅]",Politics
찬탄 한동훈 vs 반탄 홍준표·나경원·이철우…‘죽음의조’ 20일 격돌,Politics
"전문가들 “트럼프와 관세 협상, 모범생처럼 대응하면 말려들 수도”",Politics
"[단독] ‘비명횡사’ 논란 여조업체, 간판 바꿔 민주당 경선 참여 ‘논란’",Politics
"문형배 “비상계엄, 관용과 자제 뛰어넘었다는게 우리 판단…탄핵선고 모순 없어”",Politics
"尹心 기댔던 국힘 주자들 이젠 거리두기…""경선이 본선, 중도 잡아야""",Politics
"[속보]두번째 내란 특검법·명태균 특검법·상법 개정안, 국회 재표결서 부결",Politics
"[속보]‘이사 충실의무 확대’ 상법 개정안, 재표결 끝 부결…폐기 수순",Politics
"한동훈 빠진 국힘 5인,'중도 보수' 오세훈 쟁탈전 [이슈 클립]",Politics
"벌써 나온 김문수-한덕수 단일화론, 당 안팎 기대와 우려 공존",Politics
"똘똘 뭉친 국민의힘···두 번째 내란·명태균특검법, 또 부결",Politics
"[뉴스1 PICK]국민의힘, 대선 경선 대진표 확정…'나경원·한동훈·홍준표' 1차전",Politics
이재명의 첫 공략 지역은 '충청'…중원 선점해 '어대명' 굳힌다,Politics
"'권한대행, 대통령 몫 재판관 임명 불가' 법안, 국회 본회의 통과",Politics
"나경원 ""이재명이 유력 대선주자인 상황 자체가 국난""",Politics
"강혜경측 ""검찰, 윤 전 대통령 부부 사건 눈 감고 공익제보자는 표적 수사""",Politics
"[여의도1번지] 헌재, 한덕수 '재판관 지명' 제동…막 오른 경선 레이스",Politics
"이재명·김경수·김동연, 내일 첫 TV 토론...'개헌·증세' 공방 벌일 듯",Politics
MB·박근혜 활용한 ‘숫자 경제 공약’…다시 돌아온 이유는?,Politics
"'피고인 윤석열' 법정 모습, 이번엔 공개된다…재판부, 촬영 허가",Politics
"국힘 '1분 출마의 변', 기승전李...'이재명을 막아라' 총력전",Politics
[특집 사사건건] D-47…경선 레이스 본격화,Politics
구글·네이버 검색어 장악한 한덕수...여론조사에선 출마 부정적,Politics
[대선상황실] 현장 뛰어든 민주 후보들…국민의힘은 경선 미디어데이,Politics
"'윤심' 챙기는 김문수 ""尹 자유의 몸으로 행복한 시절 오길""",Politics
첫 주말 맞는 '경선 레이스'… 양보 없는 대권 경쟁전,Politics
"[뉴스+] 이재명 ""이제 전쟁 양상 완전히 바뀌어···무기 체제로 결판 나는 시대""",Politics
"민주 ""기자 손목 끌고간 권성동 사퇴하라"" 총공세",Politics
‘선택적 모병제’ 다시 꺼낸 李 “병영에 가두는 건 비효율”,Politics
"김근식 ""반윤석열·반이재명 빅텐트여야만 보수혁신해 승리""",Politics
‘증세’ 주장한 김경수·김동연…이재명 “손쉽게 증세 이야기 부적절”,Politics
"국민의힘 후보 8명 만났다…""윤심팔이 안 돼"" 슬슬 尹과 거리두나",Politics
"""조직 날리겠다"" ""갑질시전""…감사원 ""文정부 집값 통계조작 위해 '압박'""",Politics
"김문수 캠프 개소식서 터진 막말 ""제일 걸레 같은 후보? 이재명!""",Politics
"정부, '오폭' 피해가구당 600만원 검토…생활비 명목, 총 10억 안팎 추산",Politics
"김문수 ""이재명 늘 반미운동권과 어울려…한미동맹 파트너로 신뢰 불가""",Politics
"''파면당한 대통령 안고 있는 게 맞느냐'에 김문수 ""같이 가야 한다""",Politics
"[정치 ON] 민주 ""석고대죄"" vs 국힘 ""고무줄""...'한덕수 출마론' 영향은?",Politics
"이재명, 文정부와 선긋기…탈원전 폐기수순-부동산세제 완화",Politics
정권교체 54%·재창출 33%…보수주자 적합도는 홍준표·김문수 선두,Politics
나경원·홍준표·한동훈 맞붙는다···국힘 1차 경선 토론 대진표 확정,Politics
"""나도 고소장 낼 거라고""‥'손목 꽉' 묻자 ""왜 이래?"" [현장영상]",Politics
"개혁신당 ""국힘, 김문수 못 믿는 듯…단일화 주장은 필패""",Politics
‘세종 집무실’ 이재명 공약에 국민의힘 후보들 의견분분,Politics
[목요논박] ① 여야 경선 후보 대진표 확정…민주 3명-국힘 8명,Politics
김민석 “대선용 관세협상 불가”… 한덕수 겨냥 1인 시위,Politics
"[fn이사람] ""정치 실종의 시대, 도자기 구우려면 손에 흙 묻혀야""",Politics
"‘차기지도자’ 이재명 39%, 김문수-홍준표 8%, 한동훈 6%",Politics
공약도 明心 경쟁… 이재명 ‘메머드급 조직’ 움직인다,Politics
[특집 사사건건] 대선 주자 이철우,Politics
"'드럼통 들어간' 나경원, 민주당 경찰 고발에 '맞고소'",Politics
"권성동 ""인간 이재명, 삶 자체가 보복…어릴 때부터 보복 영재""",Politics
"尹 파면, 이젠 대선 이겨야…보수층 전략적 선택 시작했다 [여론풍향계]",Politics
"[티조 Clip] 홍준표 ""이재명한테 여배우 농락, 무상연애 왜 했냐고 물어봐야지!""",Politics
"여론조사서 이재명에 밀린 홍준표, “李 추격해 중범죄자가 나라 통치하는 불행한 사태 막을 것”",Politics
"'권한대행, 대통령 몫 헌법재판관 지명 불가法' 국회 본회의 통과",Politics
의료계 실력행사에 굴복한 정부...2026년 의대 증원 '원점' 회귀,Politics
"국힘 후보들, '윤석열 출당' 두고 '미세 조정'",Politics
"'보수 빅텐트' 한덕수 대망론, 단일화 찬성한 김문수에 날개 달아줄까",Politics
이진숙 뭐라 했길래…우원식 “가슴에 적개심 많은 듯” 작심 발언,Politics
의대생 ‘전원’ 복귀 안했지만 내년 의대 모집인원 3058명,Politics
"'한덕수 차출론' 엇갈린 해석...""영향 없다"" vs ""실행 어려워""",Politics
"국힘 경선 '3강' 김·홍·한… '2중' 나·안, 자리 두고 격돌",Politics
'대선 바로미터' 충청에 공들이는 대선후보들,Politics
안철수 “입만 터는 문과가 해먹는 나라…이과생인 내가 좌절 끝낼것”,Politics
지지율 상승세 한덕수… 헌재 제동에 '대망론' 발목?,Politics
"尹, 파면 후 관저서 뭐했나…수도 사용량 '2인 가구 75배'",Politics
"나경원 ""'나베' 아닌 '나다르크', 이번 대선은 '나'..'드럼통' 이재명 집권 안 돼, 막을 것""[여의도초대석]",Politics
"""수십만 청년 가두기보단···"" 이재명의 '선택적 모병제'는 무엇?",Politics
홍·한·유 이어 김문수도 '대하빌딩' 입성…나경원은 '맨해탄21',Politics
"""내 이름은 왜 넣었는지.."" 이준석, '반명 빅텐트'에 단호히 밝힌 입장 [현장영상]",Politics
"홍준표, 대권 적합도 '보수 1위' 조사에 ""정상수치,이재명 추격할 것""",Politics
구청 아침 라디오서 “안아줘요” 말한 후 숨진 공무원…대체 무슨 일,Politics
"나경원 ""셰셰 이재명, 외국 간첩죄 반대하고 방첩사 찢어놓나""",Politics
"민주당, 한덕수 압박 총력…김민석 “관세 협상 전념한다면 불출마 선언하라”",Politics
나경원도 홍준표도…슬슬 尹과 거리두는 강성 후보들,Politics
"'손목 꽉' 권성동에 野 ""경악""‥국힘 대변인 해명은 [현장영상]",Politics
"이재명 ""징집병 15만명 축소…'선택적 모병제'로""",Politics
"조국혁신당 ""뉴스타파가 '찌라시'면 권성동은 '깡패'""",Politics
민주 '중원 공략'·국힘 '토론 대진표'…본회의 충돌,Politics
"""한덕수는 안 나오나?"" 국민의힘 경선에 갈라진 부산 민심[르포]",Politics
文정부 부동산 통계조작 최소 102회…맘 안들면 “사표 내시죠”,Politics
‘대행은 대통령몫 헌법재판관 지명 불가’ 개정안 국회 통과,Politics
"석동현 ""反이재명 위해 후보 돼 달라""…'윤심' 다가서는 김문수",Politics
北여성 수백명 ‘러시아판 쿠팡’으로 우르르... 불법 외화벌이 포착 [영상],Politics
"이준석-명태균 16개월 카카오톡 대화 공개되나...뉴스타파 ""공모 내용 있다""",Politics
"국힘 주자들 ""내가 이재명 막겠다""…첫 경선토론 조추첨 완료(종합)",Politics
"이재명 “손쉽게 증세 얘기, 적절치 않다”",Politics
"조경태 ""尹 제명 안 하면 '反명 빅빅텐트' 쳐도 소용없어""",Politics
"탄핵 거리두는 민주당, 한덕수 출마 명분 약해지나",Politics
"美CSIS “미국 조선 재건, 한국 한화오션·HD현대重이 최선책”",Politics
"""멀쩡한 사람 탄핵, 한덕수 괴로워했다"" 심경 전하더니 [논/쟁]",Politics
"민주, 한덕수 출마설에 '느긋'…'윤 아바타' 위협적이지 않다",Politics
"[속보] ‘대행, 대통령 몫 재판관 임명 금지’…헌재법 개정안 국회 본회의 통과",Politics
대권주자 릴레이 인터뷰...한동훈 후보를 만나다,Politics
"[맞수다] 대통령실 세종 간다?‥""용산은 내란 본거지"" ""청와대는 불가""",Politics
"'중도보수' 천명한 李…'모병제'로 청년, '수도 세종'으로 중원 훑고 '대구行'",Politics
"경선 여론조사 두고 ""기울어진 운동장""…국힘·민주 모두 잡음",Politics
"""한동훈씨, 나보다 더하네""…홍준표, 한동훈과 '폭소' 터진 이유는?[노컷브이]",Politics
"'권한대행의 대통령 몫 헌법재판관 임명 제한 헌재법 개정안', 민주당 주도 국회 본회의 통과",Politics
"민주당 주도 ‘헌법재판소법 개정안’, 국회 본회의 통과",Politics
’3자 대결’ 이재명 45% vs 국힘 17∼24% vs 이준석 7∼9% [NBS],Politics
"국힘 1차 경선, 羅·韓·洪 '토론 배틀'… 김문수·안철수 격돌",Politics
"개혁신당, 본보 '무당층 3자 대결' 언급 이유는…",Politics
"'차기 대통령 적합도' 1위 이재명 39%, 金·洪 8%...한덕수 출마 여론은 [NBS]",Politics
드럼통 vs 영현백 [앵커리포트],Politics
"이준석 ""반 이재명 빅 텐트는 허상, '비만 고양이' 바뀌지 않아""",Politics
"홍준표는 질문 거부, 권성동은 기자 손목 잡고 끌고가…무슨 일이?[노컷브이]",Politics
“권한대행의 대통령 몫 헌법재판관 지명 불가”…헌재법 개정안 국회 통과,Politics
"대선 3자 대결서 이재명 45%, 국힘 후보 17∼24%, 이준석 7∼9%[NBS]",Politics
"김문수 ""尹과 거리두기, 책임 있는 정치 아냐""",Politics
'나경원ㆍ이철우ㆍ한동훈ㆍ홍준표' 토론 붙는다...김문수는 안철수와 매치,Politics
"'권한대행 대통령 몫 재판관 임명 불가법', 국회 본회의 통과",Politics
‘권한대행이 대통령몫 임명 금지’ 헌재법 개정안 국회 본회의 통과,Politics
"복지부, 의대 증원 '초기화'에 불편 드러내… ""원칙 바꾼 것 안타까워""",Politics
[NBS] '대통령 적합도' 이재명 39%‥이준석 낀 '3자 구도'는?,Politics
"헌재 결정에도 ""내란 아니다""…보다 못한 김한규가 말한 '팩트' [논/쟁]",Politics
"""대행, 대통령 몫 재판관 임명 금지""…헌재법 개정안, 국회 통과",Politics
반탄 외치다가 尹과 슬슬 거리둔다…묘하게 바뀌는 국힘 후보들,Politics
"[인터뷰 전문]조응천 ""韓, 국힘이 꽃가마 태워주는 것 기대하는 듯""",Politics
"로봇 연구 둘러보던 이재명 ""근데 혹시""…문득 꺼내든 질문이 [현장영상]",Politics
사립학교 직원도 육아휴직 급여 받게 될까,Politics
"김문수 ""표 더 받으려 尹 탈당? 옳은 일인지 생각해봐야"" [인터뷰]",Politics
"[대선 D-47] 국힘 후보 8인, '이재명 저격' 한목소리…尹과는 거리두기",Politics
"민주당 ""헌재 가처분 인용, 한덕수 석고대죄해야""…탄핵소추는 '유보'",Politics
“훌륭한 분 확실” 이철우가 한덕수 치켜세운 이유,Politics
"국힘 8인 후보 미묘한 차이, 윤석열과 손절 시작?",Politics
"김문수 ""재판받는 尹, 국민과 행복한 시절 오기를""",Politics
"""민간 통계와 40배 차이""…文정부, 집값 오르면 숫자부터 만졌다",Politics
"정권교체 54%·재창출 33%… 차기 적합도 이재명 39%, 홍준표·김문수 8% 순 [NBS]",Politics
"국민의힘 경선 토론, 이·나·홍·한 '죽음의 조'…""이재명 꺾겠다"" 한목소리",Politics
"권성동 ""이재명식 '친중 셰셰 외교'로 대미 관세 협상 성공 못 해""",Politics
"여권 적합도 1위 올라선 홍준표 “이재명 추격, 선진대국시대 열 것”",Politics
‘선택적 모병제’ 다시 꺼낸 이재명 “단순반복 훈련할 시간에…”,Politics
"중원 공략 나선 민주…국민의힘, 토론 대진표 확정",Politics
김문수 “尹 잘라내는 건 책임 있는 정치 아냐”,Politics
"조국혁신당 “한덕수, 기름장어보다 더한 ‘기름 미꾸라지’”",Politics
"[대선 D-47] 이재명, 3자 대결 모두 45%로 1위…정권교체 여론도 최고치[NBS]",Politics
[영상] 충청 표심 공략 나선 김동연…“대통령 되면 바로 다음 날 세종서 집무할 것”,Politics
"“진정된 것처럼 만들라”… 文 정부, 102회 집값 통계 조작",Politics
"이철규, 나경원 드럼통 옹호 ""이재명. 제 발 저리냐"", 김민전 ""칼춤 두렵다""",Politics
6·3 대선 '3자 가상 대결' 이재명 45% vs 홍준표 24% vs 이준석 7%,Politics
"'한덕수 차출론' 엇갈린 해석...""영향 없다"" vs ""실행 어려워""",Politics
차기 대통령 적합도 이재명 39%…홍준표·김문수 8%,Politics
"NBS ""차기 대통령 적합도…이재명 39%, 홍준표·김문수 8%""",Politics
"""상황 심상치 않다""…국민의힘 '위헌정당 해산' 공포 확산",Politics
"이재명 지지 39%···김문수는 8%, 홍준표와 ‘동률’[NBS]",Politics
"박지원 ""김건희, 여보 당신 탄핵 기각 날 거야..尹 하야 말려, 아직도 몽상 주술 속에 살아""[여의도초대석]",Politics
"韓대행 출마 부적절 66%, 정권교체론 54%로 뛰어…이재명 1강 강화",Politics
나경원 “尹心팔이 안 돼” 한동훈 “지금와서 尹 제명? 늦었다”,Politics
‘차기 대통령’ 이재명 39% 1위… 김문수·홍준표 8% [NBS],Politics
"'선택적 모병제' 띄운 이재명...""사람 숫자 아닌 무기로 결판나는 시대""",Politics
"나경원 ""윤심팔이 안돼"" 안철수 ""尹, 당에 유리한 방향으로 움직일 것""",Politics
"또 개혁 대상 지목된 방첩사…""외과 수술 필요"" vs ""정치적 접근 안 돼""",Politics
국힘 대선 주자 적합도…홍준표 12%·한동훈 10%·김문수 9%,Politics
"국힘 후보들, 집무실 이전 '공감'…尹과는 '거리두기'(종합)",Politics
"김정은, 붉은광장에 설까 [김태훈의 의미 또는 재미]",Politics
"국민의힘 1차 경선 후보자, 1분 출사표서 “이재명 막겠다”",Politics
"한동훈 ""다들 金 여사에 아부, 탬버린만 쳐""→김민전 ""장관 때 기소하지 왜""",Politics
2026학년도 의대 모집인원 3천58명 확정…40개 의대생 전원 등록했지만 수업참여율 26%,Politics
“누가 나와도 이재명 45%”.. 여권 후보 바뀌어도 격차 좁히지 못했다,Politics
"'권성동, 기자 팔목 잡고 끌어낸 것 심한 것 아니냐' 국힘 답변은",Politics
국힘 1차 경선토론회 조편성…“이재명 꺾으려 출마했다”(종합),Politics
"나경원·이철우·한동훈·홍준표, 토론서 한번에 맞붙는다",Politics
"킵스파마, 먹는 비만약 시대 임박…릴리 경구용 신약 임상3상 소식에 '눈길'",Economic
"브릿지바이오, 임상 2상 유효성 입증 실패에 나흘째 '下'[핫스탁]",Economic
"HMM, 잔여 영구채 전환하자 주가 5%대 급등[이런국장 저런주식]",Economic
상승→하락→상승… 관세 불확실성 속 ‘오락가락’ 韓 증시,Economic
[르포] “대통령실 옮기면 월세 좀 싸질까” 술렁이는 용산 상권 [부동산360],Economic
"코스피, 개인 매수에 강보합 출발…조선·방산은 여전히 강세",Economic
국내 증시 강보합 출발…삼성전자·SK하이닉스 약세,Economic
33조 반도체 추경 수혜로 평택 고덕 들썩… '고덕 유보라 더 크레스트' 입주,Economic
"[아침밥] 태양광 관련주지만… 현대차증권 ""OCI홀딩스 목표가 하향""",Economic
"'대통령실 이전설' 세종에 전국민 '줍줍'…""당첨되면 2억""",Economic
"경찰, 포스코홀딩스 ‘호화 해외 이사회’ 의혹 ‘혐의 없음’ 결론",Economic
"금감원, 한화에어로스페이스 유상증자 2차 정정 요구",Economic
"메리츠증권 ""현대로템, 안정적 이익 성장 궤적 확인""",Economic
"서울 오피스텔보다 싸다…‘원종 휴먼빌 클라츠’, 마곡 반값 아파트로 주목",Economic
LCC 체질 개선 본격화…공통된 선택은 ‘B737-8’,Economic
"""상속세, 진짜 못 내요"" 차라리 다른 나라로…'국민 기업' 고향 뜬 이유",Economic
전국 흐리고 봄비 최대 20㎜…수도권 오전 미세먼지 '나쁨' [내일날씨],Economic
비 소식에 교통량 감소…경부선·서해안선 혼잡[주말·휴일고속도로],Economic
역대급 변동성에 뭐 사면 돼?…“밸류에이션 낮고 외국인 수급 빈 ‘이것’ 주목”,Economic
갈 곳 없는 세입자의 눈물…수도권 전세 급감,Economic
"""삼성전자, 엔비디아 H20 중국 수출 통제 영향 미미""-KB",Economic
"토허제로 뭇매 맞은 서울시, '부동산정책개발센터' 확대 개편",Economic
"“주주들에게 제대로 설명한 것 맞나”…한화에어로 유상증자, 또 제동걸렸다",Economic
"메리츠증권 ""현대로템, 꾸준한 성장·수주 기대…목표가 45%↑""",Economic
"[아침밥] KB증권 ""삼일제약, 포모사 신약 프로세스 순항 중""",Economic
"잘 나가던 무신사…돌연 '비상경영' 돌입, 왜?",Economic
"[아침밥] 메리츠증권 ""현대로템, 9조원 폴란드 K2 수출 기대""",Economic
"메리츠證 “현대로템, 수출국 다변화 기대돼… 목표가 45% 상향”",Economic
"""누구도 소외되지 않는 가전, 삼성 철학 이어간다""",Economic
소득·자산 안 따지는 비아파트 전세임대 5000가구 공급,Economic
[미래에셋 이사회]④ 그룹 3대 축 미래에셋운용…캐피탈·컨설팅 계열과 '같은 듯 다른' 변천사,Economic
"LS증권 ""한국전력, 불확실한 장세 속 대안주로 부각…목표가 3만원""",Economic
"트럼프 ""중국이 수차례 연락…관세 협상 3~4주내 마무리""",Economic
"美, 中 해운사·중국산 선박에 10월부터 입항 수수료 부과(종합)",Economic
"""부동산은 입지""…경기·인천 청약 경쟁률 두자릿수 이상 82%는 '역세권'",Economic
"관세에 보조금 폐지까지 '직격탄'...현대차, 결국 [굿모닝경제]",Economic
"삼성증권 ""현대건설 ROE 10년 만에 최대 수준 회복…목표가↑""",Economic
美 증시 혼조...美 관세협상 진전,Economic
"토스, 19일부터 보험사와 같은 車보험료 비교·추천서비스",Economic
트럼프 “中과 협상 타결? 3~4주 걸린다 생각”…코스피 관세 리스크 우려 덜고 우상향? [투자360],Economic
"트럼프 ""파월 당장 해임해야'...금리 인하 압박 수위 높여",Economic
"농심, 마진 회복 위해 '신라면 툼바' 성공해야…목표가 50만-LS",Economic
"다올證 ""한국콜마, 美 2공장 가동 임박…목표가 25%↑""",Economic
"현대로템, 폴란드 외 수출국 확보 기대감…목표가 45.8%↑-메리츠",Economic
"""4년 만의 실적 개선 예상"" 금호석유 목표가·투자의견↑ -유안타",Economic
쉬어가기 속 삼성전자 배당 경계감…환율 1420원대로 반등[외환브리핑],Economic
"강남권 아파트 경매 뜨겁지만…""'재건축 물딱지' 매물 조심""",Economic
판 커진 ‘3조 대어’ SK실트론 인수전…최태원 지분 향방은,Economic
"""GS리테일 편의점 업황 둔화 빨라져""[줍줍리포트]",Economic
보조배터리 폭발 실험했더니…비닐백은 불쏘시개,Economic
"은마, 49층 ‘초고층 대단지’로 재탄생…강남 재건축 '기폭제' 되나",Economic
"약가인하 나선 美 트럼프, '관세카드' 거둬들일까",Economic
"[어제장 오늘장] SKT, 아이온큐와 양자 사업 협력 논의…관련주 강세",Economic
"소렌 안달 CIO ""K팝과 K푸드 인기로 한국 증시 관심 커질 것""",Economic
"""QLED TV에 QLED 기술 없다""…뿔난 美소비자들, 中 기업들에 집단소송",Economic
“주52시간·탈원전 정책은 잘못됐다”…목소리 내는 이재명의 싱크탱크,Economic
"“내가 원하면 자를 수도” 트럼프, 관세파장 지적한 파월 퇴진 압박",Economic
유럽 기준금리 인하…구간별 국고채 스프레드 일제히 축소[채권브리핑],Economic
"뉴욕증시, 혼조 마감…美, 中에 입항수수료 부과[뉴스새벽배송]",Economic
한은 이례적 경고…침체 우려에도 '기준금리 동결' 배경은,Economic
"""이수페타시스, 미·중 갈등 속 기판 부족 수혜…목표가↑""-SK",Economic
[심층] '예측 불가' 트럼프 관세 전쟁···수출 중소기업 어쩌나,Economic
"""신라면 툼바, 성공해다오""…농심 1분기 실적 하락 예상[줍줍리포트]",Economic
결국 '벌금 폭탄' 터진다...법 통과 지연에 레지던스 곳곳 '비명',Economic
서점가에도 이재명 돌풍...출간 즉시 1위,Economic
"시진핑에게 던진 의문의 숫자...""현재로선 트럼프 완패"" [굿모닝경제]",Economic
"SSG닷컴, 호주산 소고기ᆞ양고기 ‘최대 반값’ 할인전",Economic
"美, 中 정유사 제재에 유가 3.5% 급등…이란 압박에 공급 우려 확대",Economic
"""美 관세로 어두운 터널""…韓銀, 3개월 내 '빅컷' 단행하나 [Pick코노미]",Economic
"美, 중국산 선박에 입항 수수료 부과…반도체 이어 전면전 격화",Economic
"‘비비고만두’ 美 디자인 특허에 中 매체 발끈, 왜?",Economic
“도심에만 지을 수도 없고” 청년안심주택도 강남·용산에서만 ‘씁쓸한 흥행’,Economic
보조배터리 비닐팩에 넣어도 '펑'…대안 없나,Economic
"[굿모닝 마켓] 금값, 사상 최고치 달성 후 '숨고르기'…전망은 상승",Economic
‘소득·자산 무관’ 빌라 구해오면 보증금 지원하는 전세임대주택 내달 공급,Economic
"""LG디스플레이, 관세 불확실성에 주가 하락…목표가↓""-신한",Economic
[마켓뷰] 미중 협상 기대 '솔솔'…코스피 상방 압력 커지나,Economic
"미중, 극적 화해?...트럼프, ""협상 진행 중""",Economic
"트럼프 “파월 의장, 내가 원하면 그는 바로 사임할 것”",Economic
"LG유플, 영업익 1조 돌파 기대…투자의견·목표가↑-NH",Economic
"""전면1구역 잡아라"" HDC현산, 공사비 평당 858만원 제안",Economic
LNG로 날개 단 '가스터빈' 시장…두산에너빌 수출도 앞당겨지나,Economic
"트럼프, 금리 인내심 폭발…""파월, 내가 원하면 아웃"" 최후통첩",Economic
"금호석유, NB라텍스 업황 턴어라운드 기대…목표가↑-유안타",Economic
"대한전선, 초고압·해저 케이블 수주 급증…실적 도약 신호-유안타",Economic
"[클릭 e종목]""LG이노텍, 유리기판 사업 첫해…역성장 우려 해소""",Economic
한화생명 ‘벨로시티’ 美 트럼프 리뷰 넘었다…이르면 내달 인수 완료 [S머니-플러스],Economic
"""중국과 통상 협상 타결 3~4주 안에 될 것"" 트럼프는 자신했다",Economic
관세로 때린 뒤 '안보청구서' 내민 트럼프...美日통상전 2라운드로,Economic
트럼프 “中 등과 관세 대화…한달내 무역 협상 타결할것”,Economic
‘참사 이후’ 내실 다지는 LCC...“강한 의지 갖고 노력해야”,Economic
"돈 안되고 규제 엄격한 항생제, 줄줄이 제조 중단",Economic
"환율·가계부채 불안 고려…한은, 금리동결 [3분 브리프]",Economic
"'불닭' 열풍 삼양식품, 황제주 등극할까",Economic
트럼프 관세 충격…세계 車 수출국 '생존 모드' 돌입,Economic
"210억 받은 류중희 스타트업에…AC협회장 ""안타깝다"" 말한 까닭",Economic
"한은, 금리 추가 인하는? ""5월엔 낮출 것""",Economic
8개월째 주식시장서 나간 외국인... 뭘 샀나 봤더니,Economic
美고용지표 호조…비트코인은 야금야금 8만5000달러대 [투자360],Economic
[속보] '첫 트럼프 관세' 철강제품 3월 수출 15.7% ↓,Economic
"[애프터마켓 리뷰] ""이재명 온다"" 웹툰 관련주 '들썩'… 웹툰주 급등",Economic
1억2000만원대 횡보 비트코인… 폭등 전조? 급락 신호?,Economic
"[클릭 e종목]""삼일제약, 신약 출시·CMO 가동 기대감 속 재평가""",Economic
"[비즈 나우] '관세불똥' 中 이커머스, 韓 시장 '정조준'",Economic
"농심, 신라면 툼바 성공이 필수-LS",Economic
"팬오션, 어려운 시황에도 탄탄한 실적…내후년 이후엔 공급자 우위-하나",Economic
"""트럼프 관세 때문에""...파월의 '일침'",Economic
"현대차, 중국 판매 회복세…올해 흑자 전환 나올까?",Economic
"석화 업계 사업재편 난항…""정부 파격 지원 절실""",Economic
"""현대로템, 루마니아·중동으로 수출국 확대 기대…목표가↑""-메리츠",Economic
‘첫 트럼프 관세’ 직격탄…韓 철강 3월 수출 전년 대비 15.7% 감소,Economic
“워낙 오르니 팔러 왔어요”…천장에 지붕까지 뚫은 금값,Economic
"유나이티드헬스, 의료비 급증으로 실적 쇼크…주가 22%↓",Economic
"“국제유가, 점진적 하락 전망… WTI, 배럴당 55~70달러”",Economic
트럼프 관세 쇼크…3월 美 철강 수출 뒷걸음질,Economic
"LS일렉트릭, 미국 상호관세 불확실성 우려…목표가↓-KB",Economic
"엔비디아, ‘中수출 규제’에 또 하락…이틀새 시총 390조원 증발 [투자360]",Economic
'의료기기 인증' 웨어러블 로봇 더 늘어난다…대중화 '가속',Economic
'중꺾마' 젠슨 황?...트럼프 위협에 보란 듯 날아갔다 [굿모닝경제],Economic
"트럼프, 中방문 엔비디아 젠슨황 향해 “애국자, 걱정 안해”",Economic
"포스코퓨처엠, 관세 직접 영향 제한적…시장 우려 과도-KB",Economic
‘아이유·주지훈 주연作’ 대표 효자 언급 넷플릭스…1Q ‘어닝 서프’에 시간외 주가 ↑ [투자360],Economic
"美·中 관세 갈등 속…시진핑 최측근, 삼성 반도체 공장 방문 [biz-플러스]",Economic
비트·이더·테더 다 올랐는데…리플만 4월 거래량 감소 [투자360],Economic
"LS證 “한국전력, 상호관세 영향 없어… 불확실한 장세 속 대안주”",Economic
"'관세 무풍지대' 넷플릭스, 영업익 27%↑...중증외상·폭싹 덕 봤다",Economic
[마켓 프리뷰] 뉴욕증시 급락 충격 막아낸 국내증시…오늘 장 흐름은?,Economic
'관세 이슈' 피로감…트럼프의 협상 진전 시사에도 혼조세 [뉴욕증시 브리핑],Economic
"간편 결제 시장, 1조 달러의 기회",Economic
"현대차, 하이브리드·SUV에 힘 더 준다…미래 전략 '트럼프 시프트'[biz-플러스]",Economic
입출금 자유로운데 절세까지…파킹형ETF 장단점은,Economic
"""눈 돌릴만 하네""…카드사, 카드론으로 벌어들인 돈 5조 돌파",Economic
"외국계 보험사 사라진 한국의 보험산업…""혁신도 사라졌다""",Economic
[투자노트] 기대하던 ‘파월 풋’이 없었다,Economic
"""거실에 있는 中 TV, 당신이 지불한 가격의 제품이 아닐수 있다""",Economic
편의점의 미래라더니…늘지 않는 '무인 편의점',Economic
"[스타트경제] IMF ""관세 전쟁으로 경제 전망 하향""...트럼프-파월 갈등 '격화'",Economic
"""유가 1불 하락시 영업익 3000억 증가""…외인·기관 달려든 이유 [종목+]",Economic
"中 철강 저가 공세 '막 내리나'…1Q 수입량 18.9%↓, 3월 20%↓",Economic
"""남는게 있나요?""…기본에 충실한 '1900김밥'[먹어보니]",Economic
"트럼프, 전례없는 연준 의장 해임 시도하나…""수개월 논의""",Economic
예금금리 하락에 갈 곳 잃은 대기성 자금…머니무브 '우려',Economic
HBM 왕좌 굳히는 SK vs 반격 벼르는 삼전…'이것'으로 판가름,Economic
"""애플을 구했다""…팀 쿡 '조용한 협상력'에 시장도 환호 [종목+]",Economic
"삼성중공업, FLNG 이어 'FSMR' 선점 나서…상표 출원",Economic
은행 요구불예금 보름 만에 15조원 증발…대출금리 어쩌나,Economic
소득·자산 안 따진다…빌라 전세임대 5천가구 공급,Economic
"“만년 2위서 미국산 턱밑까지” 호주산 소고기, ‘K-식탁’ 공략법 바뀌었다",Economic
[단독] 세방전지 '美 리조트 더드루 투자 손실' 2심 소송서도 패소,Economic
"넷플릭스 CEO ""트럼프 관세 정책에 우리는 영향 없을 것""",Economic
"전기차 4300만대 뚝딱…중국이 가진 무기, 한국에도 있다는데 [김우섭의 헤비리포트]",Economic
"[단독] 한국타이어, 美 태양광 전기차 기업 앱테라와 독점 공급 계약 체결",Economic
재초환 폐지 ‘답보’…대선 앞두고 재건축 단지 ‘긴장’,Economic
"미래 먹거리로 뜬 ‘에어컨’...삼성과 LG, 찬 바람으로 글로벌 시장 잡는다",Economic
"노브랜드 버거, 성장 속도 '뚝'…'가성비' 장점 잃었다",Economic
"'1조 클럽' 대방건설, 호실적 이면엔…미청구공사액 963억↑",Economic
"교촌치킨, 마스터 프랜차이즈 계약 끝난 태국에 '직진출' 검토",Economic
매머드급 금융부처 나오나…금융위→금융부 격상 전망도,Economic
기술 패권 중시… 美 엔비디아-인텔 칩 수출 잇달아 제동,Economic
"아침 쾌변 어렵다?…""차가운 OO 마셔라""",Economic
[기로의상장사]시너지이노베이션①상한가에 CB 전환 '봇물',Economic
소득·자산 안 따지는 빌라 전세임대 5천가구 나온다,Economic
[잇슈 머니] 팔란티어 주가 ‘껑충’…AI 군사 시스템 뭐길래?,Economic
"뉴욕증시 혼조·유가 급등…트럼프 ""관세 협상 결정은 우리가"" [모닝브리핑]",Economic
"[뉴욕증시] 유나이티드 헬스 22% 폭락 여파, 다우 1.33% 뒷걸음",Economic
삼양 '불닭' 올해도 날개…네덜란드 전초기지 '美→EU' 공급망 속도,Economic
[잇슈 머니] 세종시 집값 ‘들썩’…대통령실·국회 정말 옮길까?,Economic
"日SBI홀딩스, 캐나다교직원연금의 교보생명 지분 노린다",Economic
"현대차, 전기차 생산 멈춘다…관세·보조금 폐지 영향",Economic
"""관료들에게 맡겨둬선 안된다""…'럭셔리 황제'의 살벌한 '경고'",Economic
"5월엔 기준금리 인하?…환율이냐, 경기냐 '딜레마' 계속",Economic
"""드디어 역세권 된다"" 환호…1호선 뚫리자 들썩이는 동네 [집코노미-집집폭폭]",Economic
100대 건설사 25곳 적자…부채비율 400% 초과도 다수,Economic
"""더 이상은 못 버틴다""…재고로 연명하던 車업체들 결국",Economic
"""대체 언제까지""…초유의 '분양가뭄'에 속 타는 청약대기족들 [돈앤톡]",Economic
두바이 부동산 4년간 70% 폭등…지금 사도 될까? [더 머니이스트-김용남의 부동산 자산관리],Economic
"""미래 먹거리 찾아야 산다""…범삼성家 '사촌동맹'으로 승부수",Economic
"트럼프 ""누구도 미국과 경쟁 못해""…中 침묵에 또 협상 압박",Economic
"관세 협상 기다리는 뉴욕증시, 혼조 마감…엔비디아 2%↓[월스트리트in]",Economic
지수별 혼조…미일 무역 협상 진전에도 파월 해임 위협[뉴욕마감],Economic
"'트럼프 입김'에 중국산 선박 주문 급감…""점유율 가져올 기회""",Economic
"""대형 M&A 추진""…동원F&B 품은 동원산업, HMM 인수 다시 나서나",Economic
"'건설기계의 봄' 언제?…부동산 한파에 두산·HD현대, 1Q 실적 적신호",Economic
"SK하이닉스, HBM4 다음 모델부턴 '하이브리드 본딩' 적용",Economic
"올해 미국 레버리지 ETF에 5조 베팅…""1억 중 6000만원 날려""[서학망원경]",Economic
"금리 내려가는데…주담대, 고정금리 vs 변동금리?",Economic
"""5월 경제전망 확인부터"" 이창용 총재 기자회견 발언 함의는[BOK포커스]",Economic
도요타·폭스바겐 누르고 4년째 '세계 최고의 車'…새 역사 쓴 현대차그룹,Economic
"외국인 '금리 인하' 베팅…선물시장서 국채 ""사자"", 달러 ""팔자""",Economic
원자력 기술 원조 받던 나라가 ‘연구로’ 수출 선도국 발돋움,Economic
"업계 1위 유튜브뮤직, 배경엔 구글의 ‘끼워팔기’…공정위 면죄부 주나",Economic
[공실 폭탄]② “조물주 위에 건물주? 이제 옛말”…전국 상가 10곳 중 1곳은 ‘공실’,Economic
초대형 신약 기술수출 발표 후 공매도 표적 된 '이 기업',Economic
"[지배구조 톺아보기] ‘200억 연봉’ 이수 김상범, 미등기 회장으로 그룹 장악...3세 승계는 미완성",Economic
"""지금은 독일 주식 투자 적기... 중소형주 주목""",Economic
대선 정책테마주 뜬다…이재명 방문하자 방산·콘텐츠 일제히 급등 [이런국장 저런주식],Economic
신안산선 붕괴사고 원인은 부실 공사?…커지는 책임론,Economic
"""신혼이야? 여기 놓치면 평생 후회할거야"" 서울 한복판서 절호의 기회[집 나와라 뚝딱!]",Economic
미국 주식 이긴 ‘금’…올해 1~4월까지 최고 수익률,Economic
"""돈도 가족도 잃었다"" 순식간에 1억 삭제…인생 건 베팅 나선 서학개미",Economic
"[만보정담]전광우 전 금융위원장 ""관세충격 장기화…민·관·정 뭉쳐야 살아남아""",Economic
[데스크칼럼] '항공참사'와 '주홍글씨',Economic
美증시 혼조 마감…트럼프의 '파월 압박'에도 '무덤덤',Economic
"오락가락 트럼프, ‘이것’ 바닥 매수할 기막힌 타이밍 왔다",Economic
"전세계 5대 밖에 없는 차세대 EUV…삼성전자, 2나노 생산성 높인다",Economic
"[뉴욕증시] 연휴 앞두고 S&P500만 0.3% 상승…일라이릴리, 14% 폭등",Economic
[뉴욕증시]관세 협상 주목하며 경계감 속 혼조세 마감…다우 1.33% ↓,Economic
"K-조선, 영업익 3배 껑충 뛰는데… 적자 위기 놓인 철강",Economic
"뉴욕증시, 파월 압박하는 트럼프에도 '무덤덤'…혼조 마감",Economic
"미국의 신뢰 위기, 자금 엑소더스 촉발…안전자산 대우 못 받는 달러",Economic
지자체 몽니에 전력망 막히자…한전 직원들 ‘1인 시위‘[Pick코노미],Economic
"‘불닭 열풍’ 삼양식품, 황제주 등극 초읽기…소액주주 80% 급증 [마켓시그널]",Economic
일주일 수익률 '훨훨'… 1위는 전력 설비 ETF,Economic
"계란 한판에 2880원…이마트 푸드마켓 고덕점, 첫날부터 '오픈런'",Economic
"파월이 꺾은 ‘연준의 시장 개입’…실망한 투심, 韓증시 반등 막아서나",Economic
"금감원, 한화에어로 유상증자 또 제동",Economic
‘金’ 미국 M7보다 매력적… 장중 최고치 또 돌파,Economic
"韓컨소시엄, 종주국 美에 연구용 원자로 설계 첫 수출 성공",Economic
무리한 관세전쟁에 ‘약달러’… 딜레마 빠진 트럼프의 ‘약달러 경쟁력’,Economic
‘속빈’ 홈쇼핑 녹용에…“사슴산업 무너질라”,Economic
3.0% → -0.2%… WTO 세계 무역 성장률 대폭 하향,Economic
또 제동 걸린 한화에어로 유증 [경제 레이더],Economic
"한미, 알래스카 LNG 본격 협상 목전…""신중 접근해야""",Economic
“숙소 하나에 30만원?…제주 대신 결국 ‘이곳’ 택했다”,Economic
해외 ETF 복리효과 사라진 ‘ISA·IRP’…“세제혜택 여전히 유리”,Economic
고분양가 논란에 청약 미달 '군포 10억'…10개월 만에 완판,Economic
"트럼프발 관세전쟁이 연출한 아이러니… 美, '저가 직구' 中쇼핑앱 인기",Economic
"""이제는 익숙하다""...맥라렌 '원투펀치', 또 포디움 장식 [권마허의 헬멧]",Economic
‘유증 또 퇴짜’ 한화에어로 상장 후 첫 80만 고지 돌파 [이런국장 저런주식],Economic
美 LNG·항공기 구매에서 하노이 인근 트럼프 골프장 지원까지… 베트남의 관세 협상술,Economic
"1년 넘게 떨어지더니, 서울보다 뛴다…집값 들썩인 이 동네",Economic
"""테마주의 말로""…오세훈 불출마에 진양그룹 신저가 '속출'",Economic
"""최고 안전자산은 금"" 연일 최고가 경신… 얼마까지 오를까",Economic
먹는 다이어트·당뇨병약 나온다…일라이릴리 최종 임상시험 통과,Economic
WTO도 연준도…트럼프 관세 '경고',Economic
딥시크 때리는 미국…'중국 AI굴기' 꺾기 가속화,Economic
"기혼자 10명 가운데 1명 ""혼인신고 미뤘다""…이유는 '이것'",Economic
"일본과 협상에 깜짝 등판…트럼프, 방위비 던져놓고 ""큰 진전""",Economic
"중, 무역전쟁 속 보잉 737 반품...당국 지시, 높은 관세 탓",Economic
"‘6년만에 새 얼굴’ 팰리세이드, 뉴욕 오토쇼 사로잡았다",Economic
“수조원대 자금 묶일라” 전전긍긍… 금융권에 ‘MBK 주의보’,Economic
파월 ‘통상전쟁’ 경고에 금값 또 사상최고치 치솟아,Economic
이창용 “美관세로 어두운 터널” 내달 금리인하 무게,Economic
임대사업자는 보증금 안전장치 의무[부동산 빨간펜],Economic
"美업체, 관세 붙자 계약 끊고 가격 후려쳐… 철강-알루미늄 ‘직격탄’",Economic
"조지아주 일자리 年 4만개 만드는 현대차, 항만 지도도 바꿔",Economic
운전∼조수석 펼쳐진 40인치 車디스플레이… “美-유럽서 러브콜”,Economic
"美 원자로 기술 배운 한국, 66년만에 종주국 美로 역수출",Economic
"트럼프, 관세 비판한 파월 의장에 ‘임기 종료’ 압박",Economic
한은 “1분기 마이너스 성장 가능성”,Economic
"탈모는 중장년의 고민?…20대 30% ""나도 치료제 먹는중""",Economic
美연구로 발판 삼아 1989년 기술 자립… 원전 수출 강국으로,Economic
‘불닭 효과’ 삼양식품 주가 100만원 눈앞,Economic
지수의 2~3배 빠진다… 美 ‘레버리지 상품’ 투자 주의보,Economic
라면 하나로… 삼양식품 주가 100만원 눈앞,Economic
관세전쟁에 유가 폭락… 美 ‘에너지 생산 확대 정책’도 흔들,Economic
"‘알래스카 LNG’, 돈뿐 아니라 북극·에너지 패권 노린다",Economic
"관세 악재 반영 前인데… 韓銀, 1분기 ‘마이너스 성장’ 경고",Economic
"뉴욕증시, 장 초반 혼조세…美 관세 협상·기업 실적 주목",Economic
흑자 전환에 트럼프 훈풍까지… 호황 볕 드는 중형 조선사,Economic
"트럼프, 파월 해임 요구하며 금리인하 압박…""美 관세로 부자되고 있다""",Economic
"뉴욕증시, 유나이티드헬스 실적 실망감이 반등세 꺾어…하락 출발",Economic
"韓 조선, 액화이산화탄소 운반선 선점 경쟁",Economic
"美서 배운 원자력 기술, 66년 만에 종주국에 ‘역수출’ 쾌거",Economic
"트럼프, '악연' 파월 해임 또 거론…""금리 당장 내려야""",Economic
"이재명도 찍었다…요동치는 세종 집값, 이번에는 다를까?",Economic
새 먹거리 찾아나선 SK이노…최태원 낙점한 SMR로 활로 찾을까,Economic
"보험사 탐내는 한투 김남구, '적자' 카디프 눈독 들이는 이유",Economic
"""압구정 진흙탕 싸움될라""…상표권 방해·사칭 시달리는 현대건설",Economic
차입에 유증까지…'6년 적자' 한세엠케이 유동성 확보 안간힘,Economic
"‘자금 피난처’ 된 금, 온스당 3400달러 눈앞…거래량 M7 제쳤다",Economic
파월도 ‘트럼프 관세’ 비판 가세…“인플레·성장둔화 우려”,Economic
"보급형 폰부터 폴더블까지…애플, 삼성 텃밭 노린다",Economic
충전시간 짧고 진동 적고…수소 통근버스 늘리는 대기업들,Economic
"관세 부과 전 주문 쏟아졌나…TSMC, 역대 1분기 최고 실적",Economic
민희진 측 “주주간계약 해지 입증 책임 하이브에 있어”,Economic
"美 “저사양 칩도 중국에 팔지마”…사면초가 젠슨황, 中으로 날아간 이유는",Economic
형님보다 나은 아우들…트럼프가 일으킨 관세전쟁에 중소형주 웃었다,Economic
짙어진 세계 경제 위기감…5월 금리 인하 불가피할 듯,Economic
"""먹으러 백화점 간다""⋯'에루샤' 뺨치는 식품관 [현장]",Economic
배터리 ‘비닐백’ 넣으면 화재 안심? 실험해봤습니다,Economic
"트럼프 ""파월 해임 빨리 이뤄져야""…비판 수위 높여",Economic
“한국이 제일 치명타 맞아”…수출로 먹고사는데 세계 무역은 ‘한겨울’,Economic
“韓철강 이러다 큰일나겠네”…수출 할당제 풀렸는데도 대미 수출 뒷걸음질,Economic
“이재명이 소유한 아파트가 있다”...벌써부터 들썩이는 분당 집값,Economic
"'결혼했지만, 미혼입니다' 10명 중 1명 혼인신고 안 해…왜?",Economic
"미중 관세전쟁 유탄?…중국기업, 줄줄이 한국 상륙",Economic
“워낙 오르니 팔러 왔어요”…천장에 지붕까지 뚫은 금값,Economic
‘00시 경주마’ ‘가두리 펌핑’ 등 수법으로 가상자산 시세조종 ‘덜미’,Economic
“벚꽃 데이트 알바 구합니다”...고독이 키운 ‘외로움 경제’ [스페셜리포트],Economic
"수수료 저렴한 가게배달, 사실상 ‘사망선고’",Economic
‘절체절명’ 엔씨소프트…탈출구는 없나,Economic
쌍용건설 3년 연속 흑자 도전의 비결,Economic
"'90조 머니무브'…외국인, 다 팔아도 '이것' 담는다",Economic
이창용 “갑자기 어두운 터널”…그래도 ‘금리 인하’ 처방엔 신중,Economic
보조배터리 비닐팩 안에서 '활활'‥화재 막는 효과적인 방법은?,Economic
계엄 여파에 관세폭탄 겹치자…우리 경제 '역성장' 경고음,Economic
"오늘도 ""당했다""…'전세사기 특별법' 2년 늘리는 것만으론",Economic
[재테크 Lab] 카페 탐방이 취미인 건 알겠는데… '적자 가계부' 어쩌려고,Economic
"[무슨일 이슈] 청주시, 3천억 원대 도시재생…돈은 어디서?",Economic
"이창용 ""한은 정치적 제약 없어…5월 금통위도 경제만 볼 것""",Economic
美-日 협상 진전 기대에 아시아 금융시장 안정세,Economic
"[단독]대우건설, ‘부실 논란’ 무궁화신탁 지분 매각 나선다",Economic
비싸서 못 먹겠네…美·中 싸움에 지난해보다 가격 20% 오른 대게,Economic
[뉴스 더하기] 벼랑 끝 여수 석유화학…부활 방안은?,Economic
달러 올 들어 8% 넘게 폭락… 서학개미 ‘이중고’,Economic
기술 도입 66년 만에…美서 배운 ‘원자로 설계’ 첫 역수출,Economic
블루오카캐피탈 “韓저평가 매력적...5년전 日과 비슷 투자기회↑” [fn마켓워치],Economic
관세 충격에 금리 동결… 마이너스 성장 ‘경고등’,Economic
한화에어로 유상증자 또 퇴짜… 금감원 “설명 불충분”,Economic
[기획] 역성장 저지 추경 12조도 부족… 재정은 찔끔 통화정책 딜레마,Economic
"[현장]만물상은 옛말, 1만3,000가지 먹거리에만 집중...차세대 이마트라는 이곳",Economic
이마트·이케아가 같은날 같은 건물에…유통 격전지 된 ‘서울 강동’,Economic
"트럼프 보란듯…中방문 엔비디아 젠슨황, 량원펑 등 만나",Economic
“경쟁국 돈 퍼붓는 사이 뒤처진 K배터리…직접환급제로 숨통”,Economic
"이창용 총재님, 갑자기 어두운 터널로 확 들어온 게 아닙니다",Economic
'1700억' 쓸어담았다…현대차 덕분에 '초대박' 터진 회사,Economic
"한은, 환율 불안에 기준금리 동결…5월 '인하' vs 한번 더 '숨 고르기'",Economic
5년6개월간 13억 껑충… 토허제도 못막은 '여의도 불패',Economic
고무·타이어…전통 車부품은 불황 몰랐다,Economic
"""여·야의 기존 정치 문법으로는 통상 전쟁 대응 못해""…전문가들 미국發 관세전쟁에 ‘맞춤형 생존전략’ 강조",Economic
"미래에셋, 퇴직연금 30조 돌파`…상위권 판도 흔들",Economic
"유럽서 2조 규모 M&A 탄생…英 에슈어, 벨기에 1위 보험사 품으로",Economic
"[단독] “골드바 사자”… 5대銀 1분기 판매, 2024년 총액 넘어",Economic
“어린이집 완전 무상” 지원에도 ‘월 100만원↑’ 영어유치원 보내는 이 도시,Social
“강남역에 누가 살고 있다” 출동해보니...의문의 남성 정체는,Social
"경찰, '용인 일가족 살인사건' 수사에 프로파일러 투입",Social
[단독] 강남서 하굣길 초등생 납치 시도…“경찰에 협조 요청”,Social
"남한 인구 63%가 농민?…""오류 외국 교과서 방치, 직무유기""",Social
"'가방 속 과자봉지' 열어보니 마약…운반책 ""다이아몬드로 알았다""",Social
"""어머니가 안에…"" 외침에 불길속 뛰어든 경찰, 95세 할머니 구했다",Social
"'신안 염전노예' 가해자는 현직 군의원이었다…""재산 67억 넘어""",Social
"""다이아몬드로 착각""…신발 밑창에 필로폰 2.1㎏ 숨긴 외국인 법정서 주장",Social
‘의붓아들 지속적 학대로 사망’ 계모 살인죄 적용해 징역 30년,Social
"[단독] ""농담이라도 '성소수자·인권감수성' 발언 말라"" 서울시교육청 '강사 입틀막' 논란",Social
[팩트체크] 진주의료원은 강성 노조의 놀이터였다?,Social
[내일날씨] 전국 흐리고 곳곳 비…낮 기온 20도 '훌쩍',Social
"""남편과 바람난 비서, 1층으로 불러주실 분…일당 10만원"" 지원자 속출",Social
송별회서 ‘사장 부인 성폭행’한 20대 경호업체 직원,Social
공무원 최초 전격 '출마' 선언...들어보니 더 놀라운 충주맨 영상 [지금이뉴스],Social
"서부지법 폭동으로 입건된 유튜버, 부산서 행패 부려 벌금형",Social
성폭행 미수 20대 현역군인…범행 후 “심신미약 주장하면 돼” 발언,Social
"""기내식 단무지에 잇자국, 고춧가루"" 황당…승무원에 따졌더니",Social
"""고시보다 간절""... 김앤장 떠난 최연소 합격자 근황",Social
"“‘옴’ 감염된 남학생 둘, 즉각 귀가”…대학교 기숙사 발칵",Social
"의대생 버티기에 ""증원 0명"" 백기든 정부…후퇴한 선례만 남겼다",Social
"""윤 탄핵선고 늦어진 이유?""…문형배 퇴임 직전 밝혔다",Social
"하이브·민희진 공방…""주주간계약 이미 해지"" vs ""입증 책임 하이브에""",Social
"문형배 ""비상계엄이 대통령 권한? 그렇게는 답 못찾아…탄핵선고 모순없다""",Social
"트럭 절도범 CCTV 역추적, 3시간 만에 잡고보니, 출소 1년 안 된 전과 21범",Social
"문형배 ""尹 탄핵선고, 모순 없다""⋯선고 오래 걸린 이유는?",Social
사실상 ‘항복 문서’ 내민 교육부...‘의대생 회군’ 여부는 미지수,Social
차량 훔치고 불까지 지른 50대 긴급 체포,Social
남의 차 훔쳐 불지르고 도망간 50대 긴급체포,Social
"‘징역 17년 선고’ 의붓아들 학대 살해 계모, 30년으로 확정된 이유",Social
김포 길거리서 차량 훔친 뒤 불 지른 50대 긴급체포,Social
"이철우 지사, ‘명태균 연루설’ 보도에 정면 반박…“사실이면 도지사직 사퇴”",Social
"""윤 부부, 관저서 뭘 했길래""… 7일 동안 수돗물 '228톤' 사용",Social
"[날씨] 영남 초여름 더위…주말, 전국 비",Social
[자막뉴스] 수영장서 감전된 사람 살피다 또 감전...출입문 누전됐나,Social
"""마약 제조국"" ""칭기즈칸 제국""…韓 이렇게 설명한 외국 교과서",Social
김포서 차량 절도 뒤 방화 의심 50대 긴급체포(종합),Social
"'딩크족' 약속했던 남편의 배신… ""상간녀 임신까지 시켰어요""",Social
오늘 문형배·이미선 재판관 퇴임… 헌재 당분간 ‘7인 체제’로,Social
충북 라이즈 사업 '선택과 집중' 없었다…18개 대학 나눠먹기,Social
이혼 요구 아내 살해 후 트렁크에 보관한 40대,Social
"밥값 서로 내겠다더니…무차별 폭행당한 남성 ""치아 4개 빠져""",Social
[손병관의 뉴스프레소] 윤석열 측 변호사 수임료 500만 원,Social
"'단군 이래 최대 금융사기' 장영자, '150억대 위조수표' 사기로 5번째 실형 산다",Social
재개발에 쫓겨나는 미아리 성노동자들 “전입신고 안 했다고 나가라니…”,Social
"둘이 막걸리 8병, 서로 ""밥값 낼게"" 실랑이에…'무차별 폭행' 돌변",Social
오늘 낮 최고 29도 안팎…일교차 유의,Social
"“진즉 이랬어야” 아이가 ‘혀 할짝’한 빵집, 진열대에 특단의 조치",Social
"문형배, 尹 탄핵 선고 늦어진 이유 직접 입 열었다",Social
"""협조 안 하면 날린다""…문재인 정부 집값 통계 102차례 조작",Social
"탄핵 선고 왜 늦어졌나 했더니…""통합을 위해서""[뉴스쏙:속]",Social
"유명 女 개그우먼, 내 집 마련 포기한 이유 알고보니",Social
"6400억 단군 이래 최대 사기꾼 장영자, 81세에 또 감옥행",Social
"20세 최연소 사시 합격자, 김앤장 관두더니 통역사 준비 왜?",Social
"""또 걸렸네"" 거리 위 무법자…반복돼도 면허취소 안된다?",Social
일가족 5명 살해한 50대 男 구속…범행동기 수사 집중,Social
"""단물만 쪽 빨아먹고 나무야 죽든 말든""...울릉도 고로쇠나무 대규모 고사 위기",Social
철길 건널목서 KTX·차량 충돌…고속도로선 트럭에 불,Social
"""강남역에 누군가 살고 있어요""…알고보니",Social
"도봉역 벤츠 난동 사건, 사고 낸 여성은 왜?",Social
"특혜 논란 의식했나…지귀연 재판부, '피고인석 윤' 촬영 허가",Social
"문형배 ""계엄, 관용·자제의 선 넘어""…강연서 털어놓은 소회",Social
"도로서 슬쩍, 그대로 달았다…뺑소니 오토바이 알고보니",Social
"""수신호 오인하고 건너려다""..용산 서빙고역서 KTX와 승용차 충돌",Social
"""낯뜨거운 스킨십에 화장실 문도 부숴""… 중년 커플 저격한 사장님",Social
혼인신고 미루는 신혼부부들…절반 넘게 콕 집은 이유,Social
세종 한 아파트 크린넷에 60대 환경미화원 빠져 다쳐,Social
"'구독자 140만' 리뷰 유튜버, 벌금 700만원…무슨 일이",Social
"“한 문항에 50만 원”…교사가 낸 문제, 학원에 팔려",Social
"“엄마, 나 어떻게 해”...의대 준비하던 학생들, 발등에 불 떨어졌네",Social
한덕수 권한대행 '지명'에 전원일치 제동…방점 찍은 대목,Social
"이재명, 8년 만에 낸 책 '결국 국민이 합니다' 베스트셀러 1위",Social
"'큰손' 81세 장영자, 다섯번째 실형…또 왜?",Social
"문형배·이미선 재판관 오늘 퇴임…헌재, 당분간 7인 체제로",Social
일가족 5명 살해 50대 구속...분양사기 고소당해,Social
"법원, 윤석열 내란 재판 촬영 허가…특혜 논란 속 재판부 결국 수용",Social
부산 수영장에서 감전 사고‥70대 숨져,Social
"문형배, 특강서 “비상계엄이 대통령 권한? 탄핵선고 모순없다”",Social
"포대 채워도 또 쌓였다…""밀려들면서 날파리"" 제주 발칵",Social
"'산길'이 산불 피해 줄인다?‥""바람길 될 위험""",Social
"오늘 문형배·이미선 퇴임…헌재, 8년 만에 7인 체제",Social
밥값 서로 내겠다더니… '퍽퍽퍽' 식사중 무차별 폭행당한 남성,Social
노후 수영장 70대 노인 감전사…기찻길 KTX-승용차 충돌,Social
[자막뉴스] '동물의 왕국' 된 대학 MT...눈앞에서 벌어진 장면,Social
"용산 서빙고역 수신호 오인하고 건널목 건너려다…KTX, 승용차 ‘쾅’",Social
[연합뉴스 이 시각 헤드라인] - 07:30,Social
[이시각헤드라인] 4월 18일 라이브투데이,Social
내 발밑 '텅 빈 공간' 어디?‥40%가 강남 4구,Social
"흔들리는 '한덕수 차출론' 조선일보 ""이젠 거취 정리해야""",Social
며칠 전 눈 오더니 초여름 날씨…주말 전국에 비,Social
"홈페이지 떡하니 '업계 1위""…믿었던 커플들 발등 찍혔다",Social
"""女 C컵 가슴과 촉감 똑같아""…2000원짜리 '3세 장난감' 품절 대란",Social
"코골이와 수면무호흡증, 습관 아닌 치료가 필요한 질환",Social
[AM-PM] '해병대원 사망 사건' 박정훈 대령 항소심 시작 外,Social
'퇴진압박' 받다 '폭싹 속았수다' 응원 현수막…'尹파면' 후 대반전,Social
"“이재명 아들 아니야” 李캠프, ‘도봉역 벤츠 난동’ 허위정보 유포 고발한다",Social
"'일주일간 228톤' 尹 관저 수돗물 논란.. 대통령실 ""통상 수준""",Social
"'윤석열 파면' 문형배·이미선 오늘 퇴임… 헌재, 다시 7인 체제",Social
"[조담소] '딩크' 약속 어긴 남편, 불륜에 상간녀와 아이까지 임신...""이혼 될까요""",Social
"""12살에 몸무게 29㎏""..의붓아들 학대살해한 계모 '징역 30년' 엄벌한 판사",Social
"구청 라디오서 ""안아줘요""…사망 전 우울감 호소한 공무원",Social
"""가슴 한 번 못 만져본 XX들아, 이거 사라""..3세 '주물럭 장난감 쇼핑몰서 품절",Social
"사교육 카르텔은 실존했다?…""1개당 50만원"" 수능 문제 판 현직 교사들",Social
"""난 화장실 휴지 같았다""…한칸에 꾹꾹 눌러쓴 '사직서'",Social
열두 살 의붓아들 학대 살해한 계모 징역 30년 확정,Social
"""강남역에 누군가 산다"" 제보…7개월 전 실종된 지적장애인",Social
"중국인들 '반미 감정' 불똥?…""한국서 비싸졌다"" 무슨 일",Social
"""의대생 복귀할 것"" 모집인원 동결 고육책에…환자단체는 ""대국민 사기"" 반발",Social
중국·일본 천재들 초토화시켰던 ‘바둑의 神’…잊을만 하니 또 나와 역사 썼다,Social
노무현의 역사적 사과...그 이후 벌어진 일들 [박만순의 기억전쟁2],Social
울산 학부모 '무상' 어린이집 외면…'100만원' 영어유치원 보낸다,Social
"""지금 내 발밑도?""…반백살 넘은 서울 하수관로 3,300㎞ [그래Pick]",Social
"""입 안의 시한폭탄""…과잉치, 제때 치료하지 않으면 '후회'",Social
"무서운 땅꺼짐, 말라버린 왕궁의 우물이 전하는 경고",Social
달라진 가치관…2040 男 57% “아빠도 아이 잘 돌봐”,Social
9개월새 사건 600개 쌓인 공수처…검사 임명 지연에 업무과중,Social
'서울대 N번방' 주범 항소심 오늘 선고…1심 징역 10년,Social
"뛰어나간 아이 난간 밖으로…야외 수업 中 9살 아동, 호수에 빠져 '익사'",Social
"출입문 열자마자 ‘퍽’…부산 스포츠센터 수영장서 감전, 70대 사망·50대 부상",Social
윤석열 부부 한주간 관저서 사용한 물 228톤…뭐 했나?,Social
"함께 떠난 단짝, 나란히 놓인 유골함... 봄이 싫어진 두 엄마",Social
"""尹 탄핵? 모순 없어"".. 문형배가 밝힌 선고 늦어진 '진짜 이유'",Social
"尹 모교 동문회 “미우나 고우나 충암의 아들, 수고하셨다”",Social
"'용인 일가족 살해' 50대 가장, 마스크 쓰고 고개 푹…""도주 우려"" 구속",Social
"""뚱뚱하다며 차별""…휠체어 밀기 거부 당한 女, 1인 시위",Social
"동해안 최북단 어장 첫 조업‥""찬 수온 걱정""",Social
"'일가족 5명 살해' 50대 구속…""사업하다 큰 빚""",Social
외국인 끌어들인 '대포차' 렌트 일당 검거,Social
'극우방'서 좌표 찍자‥순식간에 '댓글' 우르르,Social
"""밥값 서로 내겠다며 실랑이하더니""...후배 '무차별 폭행'한 남성",Social
"‘큰손’ 장영자, 5번째 실형 산다...또 '150억대 위조수표' 사기",Social
"‘신안 염전노예’ 가해자, 군의원으로 승승장구…재산만 67억",Social
"피고인 윤 모습, 21일 첫 공개…""국민 알 권리""",Social
“강남역에 누군가 살고 있다” 의문의 남성은 ‘왜?’,Social
"[와글와글] ""길 잘못 들어서‥"" 후진으로 역주행",Social
‘피고인 윤석열’ 이번엔 공개…‘지하주차장 접근’ 오늘 발표,Social
'기내식인데 반찬 재사용'?...잇자국 나고 고춧가루 묻은 단무지,Social
'채 상병 순직 사건 이첩 항명' 박정훈 2심 시작…1심서 무죄,Social
새벽 고속도로 15km '광란 역주행' 화물차…잡고 보니 '만취 무면허',Social
'피고인 윤석열' 이제 화면으로‥지하 출입은?,Social
용산 서빙고역 건널목서 KTX-승용차 충돌…운행 지연,Social
`멍투성이 사망` 12살 의붓아들 학대 살해한 계모 징역 30년 확정,Social
"""내 얼굴 봤잖아"" 폐모텔 강도살인범…훔쳐간 건 대파와 풍경종[사건의 재구성]",Social
"尹모교 동문회 ""충암의 아들, 수고하셨습니다"" 게시물 논란",Social
4세 아이 입에 담배 물려…술 취한 의사의 충격 처방,Social
"또 '의사 봐주기' 논란…""의료 공백 버텼는데""",Social
"""1문제 50만 원""‥전·현직 교사 무더기 송치",Social
'의대 증원' 결국 원점…25% 복귀에도 정부 '백기',Social
결국 1년 만에 '백기' 든 정부‥'증원' 원점,Social
"‘81세 큰손’ 장영자, 사기로 다섯번째 실형…총 34년 복역",Social
"문형배·이미선 오늘 퇴임…헌재, 다시 7인 체제로",Social
“미역과의 전쟁”…미역더미 수십t 제주 백사장에 밀려와,Social
의대생·전공의 복귀할까?…환자단체 “대국민 사기극”,Social
"‘의대 증원’ 결국 원점으로…정부, 1년 2개월 만에 백기투항",Social
"더 짙게 흩날리는 꽃가루, 코막힘·결막염 키운다 [헬시타임]",Social
‘일방 증원’ 정부·‘환자 볼모’ 의료계…상처만 남긴 ‘1년 전쟁’,Social
고스펙도 재취업 막막… 갈 곳 잃은 중장년,Social
"석방된 명태균의 ‘입’, 국민의힘 대선 경선 흔드나···후보 절반이 연관 의혹",Social
'11살 의붓아들 학대 살해' 40대 계모 징역 30년 확정,Social
⑥“매일 ‘비상계엄’ 같은 삶 사는 사람이 아직 있다”···‘술집 여자’ 시민의 호소[광장에서 시민에게 듣는다],Social
"[단독] 대전시 ‘보물산 프로젝트’, 워터파크·숙박시설 안 만든다",Social
"女 성폭행하려던 군인, 범행 직후 母에 한 말 ""심신미약 주장하면 돼""",Social
[단독]경북 산불 범인 잡기 어려워지나…보름 넘게 피의자 소환 못한 경찰,Social
"출소 7개월 만에 또 트럭 훔쳐…경찰, 상습 절도범 검거",Social
1년 넘게 이어진 의정갈등 새 국면…봉합까진 진통 예고,Social
"'증원 0명'도 부족하다…의대생, 의사궐기대회 6000명 이상 참여",Social
[이슈 In] 퇴직연금 수익률 2%대 '제자리걸음'…'기금형 도입' 해법 될까?,Social
"""강남역에 누군가 산다"" 제보…7개월 전 실종된 지적장애인 발견",Social
열두 살 의붓아들 학대 살해한 계모 징역 30년 확정,Social
6·3 대선 다가오지만…장애인에겐 먼 '다시 만난 세계',Social
"전세 계약을 월세로 둔갑해 수천만원 챙긴 70대, 집행유예",Social
해병대원 순직 '항명 혐의' 박정훈 대령 2심 시작…1심서 '무죄',Social
"'12세 의붓아들 살해' 계모, 대법서 징역 30년 확정",Social
"""25학번만 운 좋아"" ""사기극""…의대증원 원점에 거센 비판",Social
"""창문 깨진 트럭 있어요"" 제보 3시간 만에 체포…알고 보니 '전과21범'",Social
"강남역 노숙인? ""집 가고 싶어요"" 울먹인 30대…실종된 장애인이었다",Social
"29kg 그 작은 몸에 온통 '멍'…11살 아들 때리고 결박, 숨지게 한 계모",Social
'일당 17만원' 에베레스트 오르다 숨진 16명…3명은 여전히 눈 속에[뉴스속오늘],Social
"""수하물 위치에 불만""…인니 女 의원, 승무원 목 졸라(영상)",Social
"“한국인들 환장해, 비싼 값에 쉽게 팔수 있어”...마약 보따리상 몰려온다",Social
[샷!] 이러고도 대학생…스토킹 조롱하며 낄낄,Social
주인 바로 앞에 있는데…아이폰 2대 들고 냅다 도망(영상),Social
1년 만에 1509명 줄어든 의대 모집인원…입시 대혼란 '불가피',Social
수능 출제위원이 사교육업체에 문항 판매…‘사교육 카르텔’ 100명 검찰 송치,Social
[이 시각 핫뉴스] 백악관을 금악관으로 바꾼 트럼프…대대적 '금칠 리모델링' 外,Social
"""아이 가방까지 30㎝ 높이 밟았는데""…음주 뺑소니범에 분노한 아빠",Social
"똥 기저귀로 어린이집 교사 때린 엄마…항소심, 징역 6개월 선고",Social
‘울산 중구’여서 가능했던 ‘주 4.5일제’ [양종곤의 노동 뒤집기],Social
"""진정한 혼밥 1인자인가""…지하철서 '쌈' 싸먹은 민폐男 등장에 '공분'",Social
"꽉 막힌 심장혈관 음파로 뚫는다…삼성서울병원, 국내 첫 시행",Social
"'뒷돈 받고 몰래 변론' 판사 출신 변호사들, 항소심서 형량 올라가",Social
"도박중독 남편 15년 참았는데…""아빠 안 볼래"" 이 행동에 아이들도 충격",Social
건널목에서 승용차와 열차 추돌...차 사고 잇따라,Social
"헌재, 오늘부터 7인 체제…헌법소원·탄핵심판 영향 불가피",Social
"“머스크, 아기 뇌 크게 할 수 있다며 제왕절개 강요”",Social
한국 가수들 8년 만에 중국 공연… 한한령 풀리나,Social
[단독] 의대생들 “팔 한짝 내놓으라고? 희망 안 보이는 투쟁에 학교 복귀”,Social
[단독] 신종 AI 투자 사기...다단계 덫에 걸려 벼랑 끝 몰려,Social
수업 복귀율 26% 뿐인데… ‘증원 0명’ 의대생 특혜 논란,Social
매실꽃은 피었지만 열매는 없어,Social
"문형배 “계엄, 관용·자제 뛰어넘어… 통합 위해 선고에 시간 걸려”",Social
[인터뷰] “의료 불모지 농촌…‘시니어 의사’ 유입으로 답 찾아야”,Social
장애인 강제 퇴거 내모는 ‘지원주택 필요도 조사’,Social
대통령 탄핵 함께한 문형배·이미선 퇴임…헌재 다시 '7인 체제',Social
"'수업거부'에도 의대 모집인원 동결…""의사 집단에 무릎 꿇은 꼴""",Social
MBK ‘홈플러스 먹튀’ 비판받는데… ‘서울시립 김병주도서관’ 명칭 논란,Social
턱없는 폭설피해 보상… 억장 무너진 ‘농심(農心)’ [집중취재],Social
[단독] 軍 명예 지키려… 육해공 ‘베테랑’ 예비역 장교 모였다,Social
"""이런 적 한 번도 없었는데""…한국 '국가성평등지수' 첫 후퇴, 무슨 일?",Social
"[날씨] 한낮 초여름 더위, 일교차 유의…내일 전국 비",Social
차비 아까워 걸어 다니던 그 학생들이 시작한 첫 기부[아살세],Social
美 11개주산 감자 수입 가시권,Social
"[단독]건진법사 부인 수상한 광산사업, 유력 정치인이 도운 정황",Social
"""한탕하고 뜬다""…이런 '청소년 타짜' 도박 끊게 한 '쌤' 누구",Social
"문형배·이미선 오늘 퇴임…당분간 7인체제, 다시 ‘구멍난’ 헌재",Social
"""어떻게 이런 일이""…나무 꼭대기에 걸린 차량 알고보니",Social
"""후배와 불륜한 남편과 1년전 이혼…전 시모, 딸같은 나 못 잊었다고 연락""",Social
"80대 할머니, 아파트 6층에서 떨어지고도 기적 '생존'(영상)",Social
문형배·이미선 재판관 오늘 퇴임…헌재 '7인 체제'로,Social
"""예비 시댁이랑 고기 먹을 때 며느리가 집게 잡아야 하나요?"" 시끌",Social
"""식당서 물고 빨고, 눈치 줬더니 화장실로…문 부서질 정도 애정행각""",Social
"""'트리플링' 막아야"" 결국 의대 3058명 회귀…학생들 응답할까",Social
81세 장영자 다섯번째 수감... 그가 사기 범죄 반복하는 이유는,Social
출마용 스펙 쌓기? 선거 때마다 지자체 산하기관장 공석 논란,Social
"송별회서 '사장 아내 성폭행'한 해고 男직원…""여직원만 14명 피해""",Social
"'IQ 79' 염전노예 착취한 가해자, 군의원으로 재임중... 재산 67억 신고",Social
땅꺼짐 14차례… 부산지하철 공사 우려 증폭,Social
다시 좁아진 의대 입시문… 고3-N수생 혼란,Social
의협 “의료개혁 멈춰야” 전공의 “당장 병원 돌아갈 요인 아냐”,Social
잿더미 된 경북… 산길 뚫어 살길 찾는다,Social
흙향기 따라 걸으면… “60대도 맨발의 청춘”,Social
"흉물 방치 폐교 367곳, 주민 창업-문화공간으로",Social
"오늘 퇴임 문형배 “우리 사회 관용-자제 필요… 계엄, 선 넘어”",Social
"한국 가수, 8년만에 中본토 공연… 한한령 변화 기대",Social
"‘20년 표류’ 대치 은마, 최고 49층 5962채 재건축",Social
서초 0건-용산 1건… 토허제 확대 뒤 얼어붙은 아파트 거래,Social
의대 증원 발표 14개월만에 원점… 내년 증원 ‘0’,Social
"경북 산불, 서울 1.5배 면적 태웠다… 산림청 추산의 2배",Social
"[단독]尹이 ‘친분 없다’던 건진, 尹장모와 계엄후 탄핵 표결전날도 통화",Social
오늘 문형배·이미선 퇴임...헌재 당분간 7인 체제로,Social
"20세 최연소 사시 합격자, 8년 다닌 김앤장 그만두고 선택한 길은?",Social
"술 취한 인도 의사의 황당 처방…""아이 감기엔 담배가 약""(영상)",Social
‘개당 50만원’ 문제 판 교사들… ‘사교육 카르텔’ 100명 송치,Social
‘계엄 후 尹 출국금지’와 연관? 법무부 출입국·외국인정책본부장 사의 표명,Social
만사 귀찮은 노인 우울증… ‘동년배 상담사’가 보듬는다,Social
의대생 “정부 말 어떻게 믿나”… 힘 실린 강경파… 복귀 미지수,Social
“尹 탄핵 선고문 핵심은 통합… 그 메시지 담느라 시간 걸려”,Social
"""마약 때문에 이렇게까지 한다고?""…태국서 '은밀하게' 들고 온 남성들의 최후",Social
'사이버트럭' 향해 날아차기 '퍽'…'억대' 외제차들 부수고 튄 남성 '황당',Social
"핫도그 가게서 행패 부린 격투기 선수 출신 유튜버, 알고보니",Social
'일가족 5명 살해' 50대 가장 구속,Social
"전 세계 와인 소비량, 60년 만에 최저…美 관세 우려까지",Social
"피고인석 앉은 윤 모습 공개…""국민 알 권리""",Social
목숨 걸고 불길 속에...경찰이 95세 노모 극적 구조,Social
"또 '의사 봐주기' 논란…""환자에 대한 배신""",Social
"""내가 최초"" 英 새 축구장 음식 훔친 팬…무기한 출입정지(영상)",Social
의대 모집인원 결국 원점…증원 정책 '백지화',Social
내 발밑 '텅 빈 공간' 어디?‥40%가 강남 4구,Social
"""세 살 버릇 여든 넘게 가네""…'81세' 장영자, 사기로 또다시 징역 1년형",Social
'피고인 윤석열' 이제 화면으로‥지하 출입은?,Social
"[미리보는 이데일리 신문]방전된 K배터리 재충전…李, 보조금 직접지원 추진",Social
"“스몰도 크다, 우리는 마이크로 웨딩... 하객 20명만 초대”",Social
文정부 핵심 연루 사건 10여건... 3년 지난 지금까지 결론 못낸 이유,Social
"경찰, ‘친인척 채용 의혹’ 경기도선관위 강제수사…‘아빠 찬스’ 밝혀지나",Social
"일가족 5명 살해한 용인 50대 가장 구속… 법원, 4시간 만에 영장 발부",Social
"의대 증원 결국 ‘0명’으로… 원칙 깬 정부, 신뢰도 깨졌다",Social
"성폭행 미수 군인 ""심신미약 주장하면 돼""…경찰 증언 나왔다",Social
아지매들 “내는 새건물 못드간다”…자갈치시장도 ‘노량진 사태’ 우려,Social
"휴가 중 성폭행하려던 군인, 범행 후 母에게 “심신미약 주장하면 돼”",Social
전설 속 크라켄?…살아있는 콜로살 오징어 최초 포착(영상),Social
"“가세연, ‘쯔양 사생활’ 영상 삭제해야”…법원, 가처분 결정",Social
최북단 고성 저도어장 만선의 일등 효과는 돼지비계(?),Social
"[르포] 황금어장 개방 ""대문어 올리는 순간 눈물이 핑""",Social
[뉴스 플러스+] 쪼개기 편법·위장 설치… 빛바랜 태양광 사업,Social
‘하반신 마비’로 선수 은퇴…음주 가해자는 “820만원 공탁” [그해 오늘],Social
'서울대 19명' 앞세운 서울런 현수막…'학벌주의' 비판에 철거,Social
경제범죄 수사에 열중하는 검찰…달라진 '특수부'에 시선집중,Social
'김장하 장학생' '문학 판사' '평균인의 삶' 문형배의 라스트신,Social
[법없이도 사는법]한덕수의 재판관 지명이 기본권침해? 헌재 결정문 살펴보니,Social
도박하러 애들 '스마트폰'도 팔아…이게 남편 맞나요? [결혼과 이혼],Social
실수로 골드바 '꿀꺽'…11살 소년 엑스레이 보니 '반짝'(영상),Social
밥그릇으로 하수구 오물 건져…구역질 나는 中 공공위생(영상),Social
"TV수신료 통합징수 원상 복귀 ""언론 침탈 내란 세력 청산 첫걸음""",Social
"“차라리 일하는게 낫겠다”...허리 휘는 엄마들, 나홀로 육아 늘었다",Social
"9살 장애 아동, 어린이집 야외수업 참여했다가…호수 빠져 참변'",Social
"똥기저귀로 교사 얼굴 비빈 엄마…실형 선고에 ""기회 달라""며 오열",Social
"""악취에 벌레까지 때아닌 전쟁""…제주 해변 뒤덮은 '이것' 정체",Social
"진열된 빵에 혀 '낼름'…논란의 빵집, 결국 모든 빵 덮개 씌웠다",Social
"“한 문항에 50만 원”…교사가 낸 문제, 학원에 팔려",Social
"81세 ‘큰손’ 장영자, 사기로 5번째 실형 확정…총 34년 옥살이",Social
‘피고인 윤석열’ 이번엔 공개…법정 촬영 허가,Social
값싼 렌트카 알고보니 대포차…전문 유통업자 무더기 검거,Social
"‘음주운전·불법숙박업’ 문다혜, 1심 벌금 1500만원… “잘못 뉘우친 점” 참작",Social
"트럼프 ""일본·멕시코와 생산적 소통…中도 만나길 원해""",Social
尹 탄핵 선고 늦어진 이유는 바로…문형배 헌재소장 대행이 직접 밝혔다,Social
의료계에 휘둘린 ‘빈손 개혁’… 환자 고통·학사 파행 부작용만,Social
아파트 크린넷에 빠진 환경미화원 10분 만에 구조,Social
"‘의대 증원’ 결국 원점으로…정부, 1년 2개월 만에 백기투항",Social
부산 수영장 이용객 2명 감전 사고...70대 숨져,Social
"""입에서 입으로 술 넘겨""...대학교 MT '성희롱·추행' 얼룩",Social
'사교육 카르텔' 100명 송치...교사가 조직적 문항 거래,Social
일가족 5명 살인범 구속...가족에게 할 말 묻자 '침묵',Social
"의협 ""한 걸음 내디뎌""...'당사자' 의대생은 반응 없어",Social
‘尹 출국금지’ 밝힌 출입국 본부장 돌연 사의,Social
수업 복귀 26%인데 결국 '후퇴'...내년 의대 정원 동결,Social
"""돈도 많은데""...화장실서 여성 덮친 군인, 어머니에게 한 말",Social
"'81세' 장영자, 사기로 다섯 번째 실형 확정…총 34년 복역",Social
야외 수업 9살 아이 물에 빠져 숨져,Social
내일 문형배·이미선 퇴임...헌재 당분간 7인 체제로,Social
권한대행에 임명권한 있나...핵심 쟁점 판단은 보류,Social
어린이집 야외수업 참여한 9세 아동…호수에 빠져 숨져,Social
의대생 수업 안 들어왔는데도 백기투항…정부 “내년 정원 의료대란 전으로”,Social
"“우리 가족 파탄나야 해” 망상 사로잡혀 딸 죽인 친모, 형량은",Social
"트럼프, 정적 보복 본격화…뉴욕 검찰총장 기소 검토",Social
"“이런데도 한국에서 애를 낳으라고?”…외신도 경악한 ‘7세 고시’, 결국",Social
"‘전원 복귀 없다’며 선 그은 정부, 결국 3,058명 동결.. “개혁은 무너졌다?”",Social
여자친구랑 싸워 홧김에…반려견 가스불에 태운 20대,Social
"'큰손' 장영자, 81세에 5번째 실형…이번엔 '150억원대' 사기 혐의",Social
"법원 ""가세연, '쯔양 사생활' 영상 삭제해야"" 가처분 인용",Social
유튜버 ‘쯔양’ 사생활 동영상 올린 가세연… 법원 “삭제하라”,Social
"문형배 ""尹 비상계엄, 관용과 자제 뛰어넘었다고 판단""",Social
"퇴임 앞둔 문형배 ""선고에 모순 없다…통합 고민에 시간 걸려""",Social
수업 참여율 4%에도 ‘정원 동결’…특혜 논란 재점화,Social
"‘尹 탄핵’ 문형배 “비상계엄, 관용·자제 넘었다…판단에 모순 없어”",Social
"'尹모교' 충암고 동문회 ""미우나 고우나 충암의 아들, 수고하셨다""",Social
경남서 어린이집 야외 수업 나간 장애아 물에 빠져 숨져,Social
사용승인 후 공사 ‘부적절’…공무원 4명 입건,Social
수영장 감전 추정 사고…2명 사상,Social
"'피고인석' 윤 전 대통령 공개...""국민 알 권리""",Social
창원 제2산단 ‘투기판’ 전락…김영선 전 의원 첫 재판,Social
교정시설 ‘금지품’…반입 경로는 비공개?,Social
"""으악, 몸이 너무 가려워요""…피부병 '옴' 발생한 대학교 男기숙사 '발칵'",Social
되돌아간 의대 정원…의대생 돌아올까?,Social
아파도 수술 못받는 HIV 감염인…여전한 차별과 냉대,Social
‘최악 산불’ 휩쓴 영덕…피해 복구·재건 ‘박차’,Social
‘산불 피해’ 건물 철거 시작…입주는 언제?,Social
내년 의대 증원 ‘0명’…“미니 의대” 충북 미래는?,Social
일가족 살해 50대…주택사업 사기 피해 수사,Social
땅꺼짐 위험 지역 긴급점검…‘시한폭탄’ 노후 관로 수두룩,Social
전주페이퍼에서 열기 분출 사고…3명 중화상,Social
‘국민 배신’ 비판에도 의대 증원 1년 만에 ‘원점’…갈등 불씨는 여전,Social
교사 얼굴에 기저귀 던진 엄마…실형 선고에 울부짖어,Social
테슬라 트럭 등 수입차 5대에 '연속 발차기'…용의자 추적,Social
"“제자들 인생 망칠 수 있는데”…1개에 50만원씩, 현직 교사의 ‘분노폭발 돈벌이’",Social
"“한 문항에 50만 원”…교사가 낸 문제, 학원에 팔려",Social
어린이집 야외 수업 나간 아이 호수에 빠져 숨져,Social
"""월 100만 원에 마이바흐 렌트""…사기대출로 '대포차' 유통",Social
"법원 ""가세연, '쯔양 사생활' 영상 삭제해야"" 가처분 일부 인용",Social
"'피고인 尹' 법정 모습 21일 언론 공개…법원, 촬영 허가",Social
‘재판 노쇼’ 권경애 “잘못 알려졌으니 위자료 못 주겠다”,Social
"또 충암고야?…尹모교 동문회 ""충암의 아들, 수고하셨습니다"" 게시물 논란",Social
"""감쪽같이 사라진 야자수""...중장비까지 동원해 절도",Social
"[직격인터뷰] 김동연 ""어대명 아닌 어대국""",Social
"[단독] 영업정지 당하고 또···대학가 이중계약 사기 공인중개사, 영업정지 6개월",Social
"""어머니 가게 도와주세요""…MZ자녀 나서자 손님 '부쩍'",Social
"녹조 문제 방치하면···""제2의 '가습기 살균제 참사' 우려""",Social
"문형배 ""계엄, 관용과 자제의 기준 뛰어넘어""",Social
"음주 뺑소니에 9살 아이 중태…가해자는 ""사고 난 줄 몰랐다""",Social
"문형배, 대학교 강연서 ""비상계엄은 관용과 자제 뛰어 넘어""",Social
“강남역에 누가 살아요” 신고 확인했더니 7개월간 실종된 30대 장애인…가족 품으로 무사 귀가,Culture
바로 ‘이것’ 덕분에...사과 한 개만 먹어도 치매 예방에 좋은 까닭,Culture
[밀당365] 돌돌 말아 한입에 쏙 고단백 ‘두부 롤 유부초밥’,Culture
"""아프리카에 대한 잘못된 선입견이 있었나보다"" [시로와 탄의 '내차타고 세계여행' 365일] <59>",Culture
목사님들이 왜 윤석열을 ‘용인’하는가 [독서일기],Culture
"[날씨] 낮 기온 껑충, 곳곳 초여름 더위…미세먼지·황사 유의",Culture
[데일리 헬스] “어디서든 ‘이거’했더니 36kg 뺐다”...감량 비결 뭐길래?,Culture
"아침에 ‘이 주스’ 한 잔, 혈관 속 기름기 제거한다",Culture
"'일교차 10도 이상' 건강관리에 유의…남부지방, 초여름 날씨",Culture
사강 “자궁내막증으로 장기 파열 경험…재발률 높아 강제 폐경”,Culture
로제는 7년째 유지했지만…“따라하면 머리카락 녹고 탈모” 경고,Culture
[제주 날씨] 오늘도 초여름 날씨 이어져…주말 최대 '20mm’ 비,Culture
"[날씨] ""봄 건너뛰고 여름으로?"" 초여름 날씨...한낮 경북 30℃ 육박",Culture
“요리할 때 매일 썼는데…” 유방암 위험 높이는 ‘이 기름’ 주의,Culture
왜 누구의 죽음은 '사망'이고 누구의 죽음은 '서거'일까,Culture
"[날씨] 때이른 초여름 더위, 낮 최고 29℃…공기질 나쁨",Culture
"[책 한 모금]""동네사람 보듯 자신을 바라봐 보세요""",Culture
그 많던 이디야 어디 갔나 했더니…'더 센 가성비' 공세에 밀린 '원조 가성비'[Why&Next],Culture
“멋 부리다 무릎뼈 나간다” 반려견 옷 고를 때 주의할 점 [멍멍냥냥],Culture
오십견에 테니스엘보까지…어느 60대 운동 매니아의 후회,Culture
“야근 예정인데 이 영상 우리 팀장님에 보내주실 분?”…‘저속노화’ 교수의 과로 경고,Culture
"[단독]""손실 만회 위한 추가생산 비용 배상해야""…대법 파기환송 반박",Culture
[단독]현대차 ‘불법파업 손해배상’ 다시 대법원 갔다,Culture
이 가격에 스테이크라니... 같이 나오는 메뉴가 신박합니다,Culture
후지산 일출만큼 인상적이었던 깨끗한 화장실 [후지산 원정기],Culture
"“헬스장 안 가고 ‘이것’ 끊었다”…36㎏ 감량 女, 간단히 살 빼는 법 공개",Culture
SUV 색채 짙게 머금은 픽업 KGM '무쏘 EV'…과거 영광 넘볼까,Culture
"[출근길 YTN 날씨 4/18] 오늘도 기온 '쑥', 충청 이남 초여름...서쪽 스모그·동쪽 황사",Culture
"""0초도 끔찍?""...바닥에 떨어뜨린 음식, 5초 법칙 실험 결과는?",Culture
"""보는 게 달라지니 삶도 달라져""…'눈 건강 맞춤형 시대' 도래",Culture
"[날씨클릭] 낮기온 '쑥', 서울 27도·대구 29도…대기질 탁해",Culture
[출근길 날씨] 오늘도 한낮에 다소 더워…중서부 초미세먼지 ‘나쁨’,Culture
“췌장암 담도암 치료도 내시경으로…서울 가지 않아도 됩니다”,Culture
커피는 언제 마셔야 좋나?…“‘이 시간’은 피해라!” 왜?,Culture
"'4주만에 -6.3kg' 비만약 효과에도…메타비아 주가 반토막, 왜?",Culture
"""태반 가져오면 6만원""...인삼 섞어 건강캡슐 만든 中업체, 위험성은?",Culture
[날씨] 올봄 들어 가장 기온 높아…수도권 오후 초미세먼지 '나쁨',Culture
"""과일 먹으면 죽을지도?""…20년간 채식 못한 27세女, '이것' 때문이라고?",Culture
위스키 시장 부진에도 '될놈될'…영업이익률 40% '발베니' 수입사,Culture
"이민정 “날씬한 이유 있었네”…비빔라면에 ‘이것’ 넣어, 왜?",Culture
사카린의 재조명…슈퍼박테리아 잡는 항균 효과 주목,Culture
"황사에 주말 또 비바람...""세차는 화요일 이후에""",Culture
[날씨] 해안가 짙은 안개…곳곳 초여름 더위 이어져,Culture
봄 타는 줄 알았는데 우울증이라고?…‘스프링 피크’ 주의보,Culture
50대 女 입속 뒤덮은 누르스름한 막… '이것' 때문이었다,Culture
서부지법 난동이 뇌 문제?… 휴~ 방법이 있단다,Culture
"“다리 길이만 112cm”… 한채영 ‘각선미’ 뽐내, 아침에 하는 특별 관리법은?",Culture
돈벌이에 동원된 ‘윤석열 탄핵 결정문’ [.txt],Culture
“밤에 2번 이상 깨면 위험 신호?…‘이것’ 때문이었다”,Culture
진주만 공습 이후 미국의 대일 반격과 사기 진작 [역사&오늘],Culture
"“갑자기 전신마비, 첼로 다신 못할줄 알았는데…기적 일어났다” [더 인터뷰]",Culture
1년간 몸무게 9㎏ 감량의 비결… '이상한' 유럽식 습관,Culture
소변량 왜 줄었지? 하루에 종이컵 2개 못미치면 급성 신부전 의심 [Weekend 헬스],Culture
봄철 주말 나들이 앞두고 차량정비 '꿀팁',Culture
"""패딩 벗자마자 반소매?!""...삼척·울진 30℃ 육박",Culture
‘여자는 교회서 잠잠하라’?… 성경의 본뜻 꿰뚫어야,Culture
"근대화에서 항일, 독립까지… 대한민국의 초석이 된 기독교",Culture
[역경의 열매] 강영애 (13) 첫 번째로 세운 ‘복음교회’… 이단 논란 속에 문 닫아,Culture
[날씨] 서울 아침기온 14도로 어제와 비슷…토요일 비 예보,Culture
"“50대 맞아?” 미나, 낮부터 ‘이 운동’ 삼매경… 군살 쏙 빠진다고?",Culture
남성 직원 출산 휴가 사용률 100%… 제조업체도 육아 문제없죠,Culture
"“걸그룹 다이어트 비결 대방출” 우주소녀 다영, ‘이 음식’ 강력 추천… 뭘까?",Culture
"이 절경, 공룡이 먼저 다녀갔다",Culture
한적해서 좋다…나트랑 옆 ‘낙원’ 깜라인,Culture
[박성희의 커피하우스] 곱셈을 아는 지도자를 보고 싶다,Culture
[유석재의 돌발史전] 새로 공개된 ‘이순신 초상화’... 아직 진위는 알 수 없지만,Culture
"[데일리 헬스] 손연재, 출산 후 다시 돌아온 몸매...관리 비결은 '이 운동'",Culture
"[라인W 날씨] 내일 영남 초여름 더위…서울, 경기 남부 미세먼지↑",Culture
"10초 동안 '이 자세'로 못 서 있는 사람, ""사망 위험 큰 상태""",Culture
집에 ‘이것’ 있다면… 반려동물 입양 준비 아직 안 됐다 [멍멍냥냥],Culture
"송가인 유튜브 도전, ‘이 운동’ 모습 공개… 하체 단련에 최고?",Culture
[날씨] 한낮 초여름 더위…서울 22도·대구 29도,Culture
"""술·담배랑 같은 수준이라고?""…밥과 같이 먹은 '이것' 대장암에 치명적",Culture
장 건강엔 역시 생 양배추보단 '이 음식'…확실히 효과 있다!,Culture
"[뉴스9 날씨] 내일 영남 초여름 더위…서울, 경기 남부 미세먼지↑",Culture
[날씨] 금요일도 영남 중심 고온현상…최고 30도 육박,Culture
"""수면·체중에도 영향"" 체리를 당장 먹어야 하는 이유 9",Culture
"한채영 “왜 안 늙지?”…뽀얀 피부에 각선미, 비결 뭐길래",Culture
"치매 걸리기 싫다면, 이 다섯 가지는 꼭 실천하자",Culture
[날씨] 내일도 낮 동안 다소 더워…중서부 미세먼지 '나쁨',Culture
[날씨] 갑자기 '초여름' 기온…내일 서쪽 지역 '탁한 공기',Culture
[이슈날씨] 봄 건너뛰고 '초여름'…내일은?,Culture
"“헬스장 안 가도돼”…1년간 36kg 뺀 女, ‘이 방법’만 실천했다?",Culture
[제주 날씨]따스한 봄볕에 초여름 더위…한라산 남서쪽 빗방울,Culture
[날씨] 내일도 이른 여름 더위…토요일 전국 '비',Culture
[날씨] 내일 경상권 30도 육박‥주말 전국 비,Culture
"민희진 측 ""주주간계약 해지 입증 책임, 하이브에게 있어""",Culture
"이데올로기를 양분 삼은 뇌, 극단으로 기운다[책과 삶]",Culture
그래서…“판사에게 멱살 잡힐 글” 썼다는 변호사[책과 삶],Culture
"""'먹으면서 뺀다'는 거짓말?"" 60대 이후 체중 감량법 9",Culture
"[날씨] ""패딩 벗자마자 반소매?!""...삼척·울진 30℃ 육박",Culture
[날씨] 내일도 초여름 더위·큰 일교차…주말 전국 비,Culture
[날씨]대구 한낮 29도…한여름 날씨 육박,Culture
[날씨] 충북 내일도 한낮 초여름 더위…일교차 커요!,Culture
"""국제 金값 또 최고치"" 명품 주얼리까지 가격 인상 줄이어",Culture
"[날씨] 제주 내일도 초여름 더위…남서부 바다 안개 유입, 빗방울",Culture
[날씨] 대구·경북 내일 더 더워요…한낮 최고 29도,Culture
[날씨] 전북 내일 한낮 초여름 날씨…모레 5mm 미만 비,Culture
[퇴근길 날씨] 내일 한낮 다소 더워…전국 강한 바람,Culture
"""트럼프 관세 여파까지""…미국산 다 따라잡은 '호주산 소고기'",Culture
따뜻한 봄날 이어져…주말은 흐리고 전국 비,Culture
"""사회는 평범한 사람이 지탱"" 큰 울림…문형배 키운 어른 '김장하 바람'",Culture
‘가나안성도’ 품어 온 목사가 꿈꾸는 ‘찐’가족 공동체,Culture
"“원가 140만원, 1800만원에 팔아도 못 사서 안달”…사모님 마음 꽉 잡은 브랜드, 정체는?",Culture
"탄핵 정국 속, 떼창 쏟아진 콜드플레이의 '인생이여 만세'",Culture
일교차 크면 늘어나는 두통… 정수리·관자놀이 혈자리 지그시 눌러보자 [한의사 日 건강꿀팁],Culture
생강·양파 식초와 함께 꾸준히 먹었더니...몸에 어떤 변화가?,Culture
“대장암 위험 때문에…” 항문외과 의사가 화장실에 두지 않는 ‘이것’ [건강잇슈],Culture
[날씨] 내일도 때 이른 더위…주말 전국 비,Culture
중국의 한국 만두 딴지 걸기...미국서 디자인특허 따낸 비비고만두에 “어이없다”,Culture
"현대차, 아이오닉 5 생산 또 중단",Culture
"“나쁜 콜레스테롤, 심장병과 무관하다고?”…상식 뒤집힐까",Culture
K의료 쇼핑 80% 급증…'큰손' 외국인 관광객 늘었다,Culture
"""취침 전 운동, 숙면에 해롭다""...몇 시간 전에 그만둬야 하나?",Culture
"성추행 출교 A교회 목사, 재심 청구에 교인들 반발…""어떻게 목사가 이럴수 있냐""",Culture
"'의대 증원' 결국 물러선 교육부…""이제는 정상화의 시간""",Culture
[날씨] 올봄 가장 포근한 하루…내일 미세먼지 '나쁨',Culture
에르메스 미니 버킨백도 1800만원 생산 원가는 고작 140만원이었네,Culture
"김좌진 마더스제약 대표 ""만성질환 넘어 항암제 도전""…매출 1조 정조준",Culture
[충북·세종 날씨] 내일도 '초여름' 날씨...낮 최고 24 ~ 27도,Culture
"'종주국' 美에 연구용 원자로 기술 역수출…""민감국 지정에도 협력 계속""",Culture
"""오사카에서 먹은 그 맛이네""…MZ들 우르르 달려간 이곳",Culture
"토스·다이소 급부상, 이커머스 판 흔든다",Culture
"[퇴근길 날씨] 내일까지 강한 바람…한낮, 다소 더워",Culture
매트리스 ‘이젠 제발 보내달라’는 신호…,Culture
이지훈 “면역 결핍으로 ‘이 피부병’ 10년째”…반바지 못 입을 정도였다고?,Culture
“그냥 구웠을 뿐인데”…국민안주 마른오징어 발암물질 경고,Culture
“자꾸 무릎 아픈가요?”… 간단한 ‘이 동작’만 해도 통증 줄어듭니다,Culture
"의대 모집인원 '3058명'에 복지부 ""안타깝다""… 환자·시민단체 ""대국민 사기극""",Culture
낮 최고기온 29도…전국 대부분 강풍 [내일날씨],Culture
[날씨] 이른 여름 더위‥주말 오전 전국 차츰 비 5~20mm,Culture
“요즘 왜 우울하지”…봄에 유독 자살률이 높은 이유 [건강+],Culture
"[날씨] 울진 29.6℃, 전국 올봄 최고...주말 전국 또 비",Culture
"언론단체들 ""기자 폭행한 권성동, 즉각 사과하고 사퇴하라""",Culture
병원이 선교지라면? 일터에서 복음 전한 부부 이야기,Culture
푸바오 팬들 다시 트럭시위..또 이상징후? “사육사 교체”,Culture
"“가문의 영광”…정순주 아나, 디카프리오 대저택서 포착",Culture
‘이 자세’로 자면 근육 회복 빨라진다,Culture
"한국기자협, 기자 강압적 끌고 나간 권성동에 “인간에 대한 예의조차 없어”",Culture
"""갈라진 한국사회, 하나로 다시 태어나야""",Culture
팰리세이드 팔고 GV70 등급↑ 슬기로운 ‘엔카’ 생활,Culture
"[현장] “스초생 명성 과일생으로 잇는다”…투썸, ‘금귤생’·‘피치생’ 선봬",Culture
[날씨] 내일 맑지만 중서부 미세먼지… 큰 일교차 유의,Culture
구강암 급증 '뚜렷'…흡연자는 10배 더 위험,Culture
남편이 탁구클럽 관장이고 아내가 회원일 때 생기는 일,Culture
의대 정원 동결에 환자단체 '참담'·복지부 '유감'…의대생 복귀엔 '회의적',Culture
[신차드라이브]힘 좋고 성능 출중한 기아 '타스만',Culture
30여년 실험 동원되다 '팽' 당할 뻔한 침팬지 61마리 새 삶,Culture
"대통령 파면 때마다 공연... 8년 만에 온 콜드플레이 ""내 생애 최고의 관객""",Culture
“모든 약은 독이다”... ‘국민약’ 되어버린 고지혈증약에 유감인 이유,Culture
"'피고인 尹' 법정 모습 언론 통해 공개…재판부, 촬영 허가",Culture
당뇨로 좁아진 관상동맥 넓히는 시술 받았다면··· 유산소운동이 심혈관계 위험 줄여,Culture
[날씨] 곳곳 강한 바람‥내일 영남 고온,Culture
"BMW 웃고, 벤츠·폭스바겐 울었다… 독일차 3사 엇갈린 희비",Culture
"""머스크, ‘사업성 없다’는 경고에도 로보택시 강행""",Culture
췌장암 면역치료제 효과 높일 '유전자 변이' 발견,Culture
"[날씨] ""며칠새 겨울이 초여름으로""...내일 서쪽 공기 탁해져",Culture
"""민머리 가발없어 삭발시키던 시절...이젠 압도적 경쟁력 갖췄죠""",Culture
"“귓속 꿈틀거리는 수십 마리 ‘이 벌레’…” 40대 남성, 대체 무슨 일?",Culture
두 번이나 탄핵 뒤 공연 콜드플레이…떼창 속 BTS 멤버에 감사 인사,Culture
"차는 잘 팔리는데… 현대차·기아, 1분기 이후 '비용 증가' 우려",Culture
‘5월 배성재와 결혼’ 김다영 아나운서 퇴사…스포츠 뉴스 후임 누군가보니,Culture
엄정화의 건강 비결 “요즘 □□에 빠졌다”,Culture
배우 이동건 제주 카페 개업 두고 '와글와글'…민폐냐 텃세냐,Culture
"셀트리온, 중남미 주요국서 허쥬마·베그젤마 입찰 확대",Culture
[날씨] 기온 오르며 밤낮 큰 일교차…강원 비 조금,Culture
"25% 관세 부과…포드, 여름부터 車 가격 인상 예고",Culture
2000년 불교 역사를 대변하는 김해 은하사와 장유사 [정용식의 사찰 기행],Culture
화를 내야만 아이가 말을 듣는다? 훈육에 대한 오해 [이기나의 ‘이기는 육아’㉝],Culture
"[최상대의 건축인문기행] 독락(獨樂)의 건축, 학문을 꽃 피우다",Culture
"""4대의 로봇팔로 작은 흉터-빠른 회복""중앙대 병원이 도입한 이것",Culture
"'의사들, 이제 누구말 듣겠나'…복지부 ""안타깝다""",Culture
유전자 변형 돼지 간으로 간부전 치료 첫 임상시험,Culture
"온코프리, 온코타입DX와 유사한 유방암 예후 예측 성능 확인",Culture
“올해도 현대차·기아가 휩쓸었네!”…뉴욕서 뽐낸 존재감[르포],Culture
“신뢰 잃은 교회… 부활 복음으로 다시 일어나자”,Culture
"""내일 최고 29도"" 갑자기 따뜻해진 날씨…토요일엔 많은 비",Culture
"호주산 소고기 시장점유율, 미국산 바싹 추격",Culture
비타민A ‘독성’ 알고 계셨나요?,Culture
"[오후날씨 꿀팁] 오후, 다소 더워요…강원, 비 조금",Culture
[르포] 韓·美·日 SUV 격전지 된 뉴욕 오토쇼,Culture
"카카오 노조, 모빌리티 사모펀드 매각 반발…""산은 공적자금 투입 안돼""",Culture
중년 여성이 ‘술 세다’고 자랑...지금 당장 끊어야 하는 이유 단 한 가지?,Culture
"""조니 뎁 맞아?"" 벌써 61세, 멋스러운 흰머리… 풍성한 모발 비결은?",Culture
"현대차·기아, 美 관세 넘을 신차 총출동",Culture
3인조 래퍼 호미들 중국 우한에서 공연...한한령 변화 올까,Culture
[시니어그룹] '누죽걸산' 뜻을 아십니까... 30대 넘었다면 유의하세요,Culture
이렇게 앉으면 목에 15㎏ 부담…‘거북목 증후군’ 주의보,Culture
[날씨] 기온 '쑥' 올라 완연한 봄…밤사이 강원 약한 비,Culture
소아·청소년도 ‘뱃살 조심’…OOO 발생 위험 ‘2배’,Culture
"[데일리 헬스] '50대 중반 맞아?' 고현정, 나이 잊은 각선미…""다이어트 비결은 매일 '이것'""",Culture
‘발암물질’ 오해 벗은 감미료 OOO…이런 효능까지 있다니,Culture
[날씨] 오늘 올봄 들어 가장 따뜻...영서 한때 약한 비,Culture
결국 항복한 정부…의대정원 2년 전으로 돌아간다,Culture
안면비대칭 교정 효과 없는 이유? ‘이것’ 몰라서!,Culture
반려인구 1500만 시대…동물은 ‘돌봄’의 대상일까[북적book적],Culture
[자막뉴스] 이번 주말도 전국 비...돌풍·천둥·번개 동반 경고,Culture
"""의사가 환자 15명 죽게 해""...독일 병원서 '살인 욕망 의사' 수법에 발칵, 사건은?",Culture
[오후날씨 꿀팁] 한낮 초여름 더위…주말에 전국 비,Culture
[센터웨더] 큰 일교차에 독감 환자 증가세…주말엔 또 봄비 소식,Culture
따뜻 넘어 뜨뜻? 내일 낮 최고 29도··· 토요일엔 전국 비,Culture
[날씨] 초여름 같은 한낮…미세먼지 전국 '보통',Culture
"[날씨] 한낮 24∼27℃, 초여름 날씨...주말 전국 또 비 예상",Culture
억대 돈 받고 문제 판 선생님들…사교육 카르텔 100명 송치,Culture
"“아직 29살인데, ‘이곳’ 주름 심각”… 김민하 고백, 실천 중인 관리법은?",Culture
"[날씨] 기온 껑충, 한낮 초여름?‥강원 내륙·산지 비",Culture
[오후날씨 꿀팁] 한낮 초여름 더위…강원 약한 비,Culture
"협심증 수술 받은 당뇨환자, 수술 후 운동 시작해도 심부전 등 위험 감소 [필수 건강, 이것만!]",Culture
주말 또 비 소식…수도권 5∼20㎜ 전망,Culture
서울역 방향 262번 버스... 40평생 이런 경험 처음입니다,Culture
마트서 봤던 케일과 봄나물을 여기서... 선물 같은 하루네요,Culture
미래차 내장재도 외장재도 K-석화… 성장동력 이끈다,Culture
"생존율 낮은 췌장암, 치료 효과 높일 '유전자 변이' 발견",Culture
"기후 변화, 전세계 혈액 공급도 위협",Culture
"한국 온 몽골 지인, ""몽골인들에 여수 추천하겠다""는 이유",Culture
‘걸으면 건강’ 돈도 버는 앱…200만명이 선택했다,Culture
"배우 이민정 ""출산하고 시력 잃었어요"" 깜짝 고백",Culture
"“미세먼지와 함께 오는 봄”…보쉬, 자동차 실내 공기 관리법 제안",Culture
[이슈포커스] 전 세계로 퍼지는 'K-이단'…선교계 공동 대응 나서,Culture
"테슬라, 미국 본토에서도 고전…현대차그룹 “북미 시장 공략 강화”",Culture
"1년간 실컷 먹고 마셨는데 배는 홀쭉, 근육도 생겨…대체 왜?",Culture
또 주말 비…토요일 저녁 중부지방 중심으로 내려,Culture
“‘이 음식’ 절대 안 먹어”… 英 유전학 교수가 꼽은 ‘최악의 초가공식품’ 3가지,Culture
"트럼프 정부의 관세 정책, 스텔란티스의 위기로 이어질까?",Culture
벌써 여름? 대구 낮 최고 29도 '후끈'…미세먼지도 '나쁨',Culture
[날씨] 한낮 전국 25도 안팎 초여름 날씨…주말 전국 비,Culture
1500만원 주고 '샤넬백' 샀는데…'관세 폭탄' 맞으면 얼마 [안혜원의 명품의세계],Culture
"관상동맥시술 받은 당뇨병 환자, 심혈관 위험 낮추려면 [건강+]",Culture
[책 한 모금] '다음에 제가 꼭~' 이런 말 피하세요,Culture
"“언제 죽을 지 몰라, 유언도 남겼지만”… 결국 ‘140kg 감량’ 성공, 방법은?",Culture
"47kg 서효림, 마른 이유 있었네…“김밥 5개 먹는 데 10분 걸려”",Culture
"비행기 안 타도 수도권에서 경험할 수 있는 외국, 여깁니다",Culture
"중앙대병원, 단일공 로봇수술 가동… 2~3cm 한 곳만 절개해 수술",Culture
"현대차그룹, 인니에 생태계 조성…글로벌 '수소 패권' 전쟁",Culture
세계 최고 전동화 기술 입증…현대차·기아는 '세계 올해의 차' 홀릭,Culture
"“4년째 트로피 잔치”…현대차·기아, 올해도 ‘세계 올해의 자동차’ 석권",Culture
"강남 향하는 C커머스…알리는 삼성동, 쉬인은 역삼동에 둥지",Culture
"로제, 이재명과 어깨 나란히…타임지 '영향력 있는 100인' 선정",Culture
"기아, 뉴욕오토쇼 참가…EV9 나이트폴·K4 해치백 첫 선",Culture
5월이 '마지노선'이라는데…美 자동차시장 '대혼돈',Culture
[단독] ‘한국 근대건축 시조’ 박길룡 한글 건축용어집 원고 나왔다,Culture
"기아, '2025 뉴욕 국제 오토쇼' 참가⋯'EV9 나이트폴 에디션' 세계 최초 공개",Culture
‘딸 순산’ 손담비도 했다는데…연예인 자녀 꼭 한다는 ‘이것’,Culture
강주은 “여행 갈 때 ‘이 음식’ 꼭 챙겨”… 과식 막아준다는데?,Culture
[아침뉴스타임 날씨] 한낮 초여름 날씨…강원 내륙·산지 비 조금,Culture
"“나 이제 벗는다? 진짜 벗는다”...드디어 쉴수 있게 된 파카, 반팔과 바톤터치",Culture
"기아 EV3, `2025 세계 올해의 차` 등극…현대차그룹 4년 연속 석권",Culture
쿠팡 온라인쇼핑 '평정'…압도적 1위,Culture
"현대차, 뉴욕 오토쇼서 하반기 북미 출시 '2세대 팰리세이드' 첫 공개",Culture
자꾸 커피만 마시지 말고...나른한 봄철 집중력 높이는 식품은?,Culture
“한국의 헌신에 감사합니다”…아들에게 삶을 선물한 K의료 예찬가,Culture
"""5월 황금연휴에 어디갈까""…예약 1순위 여행지는 어디?",Culture
"“마른 이유 있었네” 이민정, 라면도 ‘이렇게’ 먹는다… 방법 봤더니?",Culture
"美 루시드, 중대형 전기 SUV 라인업 확장 순항",Culture
"EV3, '2025 세계 올해의 자동차' 선정⋯현대차그룹, 4년 연속 세계 올해의 車 석권",Culture
[930 날씨] 한낮 초여름 날씨…강원 내륙·산지 비 조금,Culture
[약손+] 눈에 찾아오는 노화 ‘백내장’ ④초기에 놓치기 쉬운 백내장 진단 증상은?,Culture
"""결혼했지만 미혼""…요즘 신혼부부들, 혼인신고 미루는 이유는",Culture
"조선왕실 제사 '종묘대제', 정전에서 6년 만에 공개 거행",Culture
겨울 날씨에서 갑자기 26도 초여름…오늘 더 따뜻,Culture
[자막뉴스] 방송서 공개했다가 날벼락... 연예인 노리는 범죄,Culture
"[날씨] 낮 기온 더 올라‥해가 지면 쌀쌀, 일교차 대비",Culture
한바퀴 3.5㎞ 비양도·금잔디 빛나는 구좌마을… 제주 삼춘이 ‘육지것들’에게 내놓은 숨은 보석,Culture
현대차 무뇨스 사장 “현지화 집중...미국 사바나 공장 연산 50만대”,Culture
"현대차, 북미서 '디 올 뉴 팰리세이드' 공개…""하이브리드 모델 확대""",Culture
[날씨] 한낮 초여름 날씨…늦은 오후부터 강원 약한 비,Culture
"눈도 입도 만족 시골장터 나들이, 지금이 제철… 가는 날이 장날",Culture
"[날씨] ""갑자기 초여름?"" 서풍에 기온 '쑥'...서울 낮 24℃·대전 27℃",Culture
"현대차, 하반기 북미 출시할 ‘2세대 팰리세이드’ 뉴욕서 공개",Culture
호두·애플 뭘 올려도 완벽… 나누면 나눌수록 맛있다![이우석의 푸드로지],Culture
"혈압, 염증 줄이는 포옹…“몇 초가 적당할까?”",Culture
"기아, EV9 나이트폴·K4 해치백 '뉴욕 국제 오토쇼'서 최초 공개",Culture
"정일택 금호타이어 대표 ""미국 투자 지속하지만 가격 인상 불가피""",Culture
"""신은 죽었다""…마녀사냥의 비극이 무대로 '시련' [리뷰]",Culture
꽃가루 시즌이다… ‘이 시간’에는 창문 닫자!,Culture
[꼭알뷰]3월 올영세일 휩쓴 최고 인기 뷰티 브랜드는? ‘롬앤·이니스프리’,Culture
대전 가는 '빵지순례객' 얼마나 많길래…깜짝 놀랄 일 벌어졌다,Culture
새 팰리세이드·K4 해치백… 뉴욕서 공개된 현대차그룹 신차,Culture
봄철 호흡기 건강 위협하는 ‘미세먼지’,Culture
[아미랑] 잘 먹는 것만큼 잘 배출하는 것도 중요합니다,Culture
민주주의라면 최소한 ‘이것’은 해야지 [물리학자 김상욱의 ‘격물치지’],Culture
[인터뷰] 무뇨스 현대차 사장 “美 관세에도 올해 사업계획 유지”,Culture
"“기차가 오작교였네”…사랑 싣고 달린 ‘커플열차’, 1년 반만에 결혼 골인 부부 탄생",Culture
"“학원 끝나면 편의점 ‘국룰’이죠” 청소년 자주 먹는 식품, 당류·나트륨 괜찮을까",Culture
처음으로 밭에 생강을 심었습니다,Culture
토마토가 건강에 이로운 이유 5가지,Culture
"벚꽃 졌다고 속상해 마세요, 여긴 유채꽃 천지입니다",Culture
뉴욕 오토쇼 최대 면적 차지한 현대차… 美 공략 의지,Culture
"[날씨] 낮부터 기온 '쑥', 초여름 날씨…강원 내륙 비",Culture
다큐 <세 가지 안부>를 보며 세월호 참사 11주기를 기리다,Culture
[출근길 날씨] 한낮 25도 안팎까지 올라…강풍 주의,Culture
"""왜 더 안 빠지지?"" 생각 들 때… '네 가지' 시도하면 효과 있다",Culture
[김현숙의 마음처방전] 우울감 늘어가는 5060세대…‘나이 듦’ 끝이 아닌 또 다른 시작,Culture
"강아지 고양이 알칼리 정수기, 정말 건강에 도움이 될까?",Culture
[제주 날씨] 따뜻한 봄날 틈타… '강풍주의보' 발효,Culture
식탐이 이끈 세계화…신간 '욕망의 향신료 제국의 향신료',Culture
“한살이라도 어려보이고 싶어요”…동안 만들기에 진심인 한국인들 [꼭알뷰],Culture
“불교 나 빼고 또 재밌는 거 하네” 4일간 20만명 다녀간 불교박람회,Culture
[날씨] 올 들어 가장 포근한 아침‥낮에도 초여름,Culture
"118년만의 눈이 내린 4월, 벚꽃 성지 여의도에 300만명이 모여들더니",Culture
"봄, 산책하기 좋은 계절이지만… ‘이런 강아지’는 산책이 병 돼 [멍멍냥냥]",Culture
"20가지 반찬 한 상이 1만 2,000원 [특집 봄은 땅끝에서 온다]",Culture
"하정우도 심장 튼튼하겠지? ‘이 운동’, 부정맥·심방세동 위험 줄인다",Culture
"[날씨] 서풍에 기온 '쑥', 포근한 출근길...한낮 5월 하순처럼 따뜻",Culture
"[날씨] 봄기운 짙어졌지만, 큰 일교차 유의…전국 강한 바람",Culture
[오늘날씨] 낮 최고 27도 ‘초여름 더위’…일교차 주의,Culture
보호자 ‘적극 자세’가 “혼돈된 마음에서 치유의 선율 찾아준다” [건강한겨레],Culture
‘쇠퇴하는 면역의 시간’에도 “백신 방패 삼으면 전 생애가 건강” [건강한겨레],Culture
“전세계 성인 9명 중 1명이 당뇨병…6초당 1명씩 사망” [건강한겨레],Culture
"“노출 의상에도, 배 홀쭉” 한예슬… 직접 공개한 ‘다이어트 식단’은?",Culture
폐경기땐 ‘입’이 괴롭다…6가지 증상과 대처법,Culture
"[헬스+] ""'빠르게 걷기'만 해도 부정맥 위험 낮출 수 있어요!""",Culture
[출근길 YTN 날씨 4/17] '어제보다 더 따뜻' 서울 낮 24℃...영서 5mm 요란한 비,Culture
"""매끈한 허벅지 만들려다""…다리에 12cm 구멍 뚫린 30대 女, 무슨 일?",Culture
[출근길 날씨] 한낮 25도 안팎까지 올라…강풍 주의,Culture
"[소소한 건강 상식] 중·고등학생들, 왜 얇게 입고 다니지?",Culture
[날씨] 낮 동안 초여름 더위…일교차 15도 안팎,Culture
"[날씨클릭] 어제보다 따뜻, 한낮 25도 안팎…강원 요란한 비",Culture
"10조달러 글로벌 공략 발판 세운다…K푸드, 2.6兆 투자",Culture
"3일만에 100만개 팔렸다, 오픈런 열풍까지…남녀노소 모두를 홀린 ‘크보빵’",Culture
"""암 증상이었는데"" 의사는 성병 의심""…결국 자궁경부암 말기, 무슨 일?",Culture
"에스티팜, 올리고 CDMO 수주 확대…누적 1000억 돌파",Culture
"'빚 150억' 임채무, 과거 '18평 아파트' 직원 26명에게 선물하기도",Culture
"사강 “장기 7cm 파열”…‘이 수술’받고 강제 폐경, 무슨 일?",Culture
획기적 비만·당뇨 치료 주사제 대체할 GLP-1 알약 개발,World
"""현금 주고 세금도 깎아줄게""…선거 앞두고 '돈 뿌린다'는 지적에 결국 포기",World
[김대호 박사의 오늘의 키워드] 뉴욕증시 UNH 폭탄·트럼프 관세 소송·DXY 환율 발작·하버드 반란,World
"美 ""中기업, 미군 공격하는 '친이란 반군' 후티에 위성사진 제공""",World
"트럼프 ""중국과 3∼4주 내에 협상 타결 기대…연락해 와""",World
"""갑자기 비자 말소돼 돌아가요""…한국인 현직 교수도 美서 쫓겨나",World
"하마스 ""이스라엘에 포괄적 합의 원해… 인질 석방할 준비 완료""",World
"美, 中해운사·중국산 선박에 입항 수수료…10월부터 적용(상보)",World
"트럼프 ""중국과 3~4주 내 무역 합의 가능""… 틱톡 매각도 협상에 연계",World
"트럼프, 로마 초청 수락…美·유럽 통상 마찰 속 정상회담",World
"美, 中선사·중국산 선박에 입항 수수료 부과",World
트럼프 “중국과 관세 대화 중… 3~4주 안에 마무리될 것”,World
트럼프 “중국이 수차례 연락…3~4주내 관세협상 타결 기대”,World
"트럼프 ""많은 국가가 우리와 협상하고 싶어 하지만⋯거래는 미국이 결정""",World
"[부자들의 투자노트] 댄 아이브스 ""기술주 투자자들에게 가장 무서운 시기""",World
"미국, 다음 주 중 우크라 광물협정 서명 계획…전쟁 휴전엔 “매우 근접”",World
"무역전쟁 한창인데 적전분열, 트럼프-파월 갈등 최고조(종합2)",World
인플레 경고에 뿔난 트럼프 “파월 빨리 그만둬야” 또 해임론,World
"트럼프 ""관세협상 원활…결정은 우리가 해""",World
[자막뉴스] 썩어가는 재고들 '눈물의 떨이'...'긴급 예고'에 한국도 위기,World
[자막뉴스] 무서울 것 없는 '말년병장' 파월의 입...제대로 긁힌 트럼프,World
"국제유가, 美-EU 합의 기대·이란 제재에 3.5% 급등…WTI 64.68달러",World
"“더 많이 태우려고”…‘초슬림 좌석’ 내놓은 中 항공사, 승객들 ‘울분’",World
"젤렌스키 ""중국, 러시아에 무기 공급…관련 정보 입수"" 주장",World
[마켓 브리핑] 유럽증시 약보합 마감…전반적으로 투심 위축,World
"트럼프의 '출생시민권' 제한, 대법원서 심리…5월 15일 변론",World
"""임기 빨리 끝나야""…'파월 해임' 검토한 트럼프 '발동동'",World
[미 증시 브리핑] 뉴욕증시 혼조세…'성금요일' 휴장 앞두고 거래 한산,World
"하마스, ""가자 전쟁 종전 위한 인질 교환 준비돼 있다"" 밝혀",World
"로이터, 美 경기침체 확률 45%로 상향…""트럼프 관세탓 경제 둔화""",World
금값 폭등에도…'백악관 금칠'한 트럼프[글로벌 왓],World
[아프리카는] (35)남아공에 빙 둘러싸인 레소토…'트럼프 최고관세',World
"트럼프 “관세협상, 거래 결정하는 건 美…24일 광물협정 서명”",World
트럼프의 출생시민권 제한 대법원서 심리한다…5월 15일 변론,World
뉴욕증시 혼조 마감…트럼프 파월 압박에도 '무덤덤',World
"달러 가치, 올해 8% 폭락 ""안전자산 지위 흔들려…美신뢰 상실 반영""",World
트럼프 “관세 거래 미국이 결정…누구도 우리와 경쟁 못해”,World
"구글, 美서 두 번째 반독점 판결…'기업 분할' 위기 직면",World
"M-7 중 애플만 1.39% 상승, 다시 시총 3조달러 근접",World
"""협상 제대로 안 하면 美로""…정치인들 직격한 '럭셔리 황제'",World
IAEA 총장 “이란 핵무기 완성 목전”…“이스라엘 핵시설 폭격 트럼프가 말려”,World
"관세협상 버티기 움직임에 트럼프 ""결정은 우리가 해""",World
"미 대법원, 출생시민권 부정 트럼프 명령 신속 심리키로",World
[증시전략] 관세 리스크 속 1분기 실적시즌 본격화…관전 포인트는?,World
"트럼프 ""끔찍"" vs 파월 ""국민의 부담""...갈등 격화",World
"금리 인하 신중한 연준… 트럼프 ""파월 너무 느려…임기 빨리 끝나야""[글로벌 왓]",World
팀 쿡 애플 CEO가 구세주?…관세폭격 제동 역할론 주목,World
"[외신 헤드라인] 넷플릭스, 1분기 매출·순익 모두 예상치 상회",World
"트럼프 ""모두가 협상 원해…중국과도 좋은 거래 할것""(종합)",World
세계 각국 ‘경기 둔화’ 걱정…트럼프는 파월에 “나가라”,World
트럼프 “중국과도 무역협정 맺을 것…거래를 결정하는 건 미국”,World
"미일 장관급 협상 전 트럼프 등판…""방위비 언급""",World
"트럼프 ""중국과 협정 맺을 것…누구도 미국과 경쟁 못 해""",World
현대차가 중국을 버렸다고? [김광수의 중알중알],World
"파리서 美·유럽·우크라 고위급 회담…""평화 열망으로 단합""",World
"엔비디아 3% 급락, 반도체지수도 0.64% 하락(상보)",World
"트럼프 ""우크라와 24일 광물협정 서명…난 젤렌스키 팬은 아냐""(종합)",World
"중국 리스크 지속, 엔비디아 오늘도 3% 급락",World
"트럼프, 대놓고 연준의장 퇴진 거론…“내가 원하면 사임”",World
"""미군, 시리아 북동부서 병력 수백명 감축 착수""< NYT >",World
"'빅3' 미·우크라·유럽, 종전안 논의…""견고한 평화"" 합의",World
北 평양마라톤을 끝으로…최연소 195개국 여행 기록 세운 男,World
"백악관을 금악관으로 바꾼 트럼프…""황금시대 위한 집무실""",World
"미증시 S&P500 제외 일제 하락, 다우는 1.33% 급락(상보)",World
"트럼프 ""다른 나라가 관세 협상하길 더 원해…결정은 우리가 해""(종합)",World
트럼프 “많은 나라가 합의 원해”… 美재무 “다음 주 한국 온다”,World
미중 ‘관세 협상’ 공감대… “정상 통화” vs “존중 표명” 온도 차,World
"“머스크가 왜” 화낸 트럼프, ‘中 전쟁 계획’ 브리핑 막아",World
"“내달 이란 핵시설 타격”…이스라엘의 공격 계획, 美정부 만류에 막혔다",World
"사면초가 트럼프… 주지사는 소송, 판사는 “법원 무시하나” 비판",World
"트럼프, 파월 해임 논의…'관세 비판' 파월에 ""내가 원하면 당장 아웃""(종합)",World
이 와중에 또 혐중몰이[베이징노트],World
"[단독]무어 美메릴랜드 주지사 ""트럼프 관세, 동의 안해…韓 돕겠다""",World
"美·우크라·유럽 빅3 종전안 논의…""견고한 평화"" 합의(종합3보)",World
"[글로벌 비즈 브리핑] 삼성폰에 퍼플렉시티 AI 탑재되나…""양사 논의 중"" 外",World
[뉴욕유가] 이란 압박 위해 中 견제하는 美 …WTI 3.54% 급등,World
진짜 금값 된 금값…지금 팔아? 말아?,World
"""팀 쿡, 트럼프 관세 폭풍 속 애플 구해…조용히 물밑서 작업""",World
"트럼프, '신중론' 연준의장 압박…""내가 원하면 해임""(종합)",World
中 방문 젠슨 황…“흔들림없이 中에 서비스”,World
"트럼프, '관세파장' 지적 연준의장에 ""임기 빨리 종료돼야"" 사퇴압박(종합)",World
"엔비디아 칩 규제는 시작일 뿐... 미국, '중국 AI 굴기' 막을 카드 다 검토한다",World
"TSMC, 1분기 순익 급증…""관세폭탄 전 사재기""",World
"트럼프 ""우크라와 24일 광물협정 서명…난 젤렌스키 팬은 아냐""",World
"트럼프 ""파월은 '정치 게임' 중…내가 나가라면 바로 '아웃'""",World
"트럼프 ""파월, 항상 늦고 틀려…하루빨리 해임돼야""",World
"관세 비판한 파월에 트럼프 ""내가 원하면 그는 바로 아웃""",World
伊멜로니 “서방을 다시 위대하게”… 트럼프 “위대한 여성”,World
"트럼프 ""24일 우크라이나와 광물협정 서명""",World
"美·우크라·유럽 빅3 종전안 논의…""견고한 평화"" 합의(종합2보)",World
"“이스라엘, 이란 핵시설 공습 준비… 트럼프가 막아”",World
“北-러 잇는 ‘두만강 자동차 교량’ 준비 가속”,World
"“하버드는 실패작” 모교 때리는 스터파닉의 ‘야망’[지금, 이 사람]",World
"트럼프 ""우리는 그들이 원하는 게 있다…中도 무역협정 맺을 것""",World
"젤렌스키 ""中→러 무기공급 증거 입수""",World
"푸틴, 카타르 군주와 우크라·중동 분쟁 논의(종합)",World
한국인 조교수도 비자 취소로 강의 중단...유학생들 불안감 고조,World
"마크롱, 美국무·특사와 우크라 종전 방안 논의(종합)",World
"미일 첫 협상에 트럼프 등장…""방위비 확대 언급""",World
"트럼프 깜짝 등장‥이시바 ""적절한 시기 방미""",World
"트럼프, 관세 정책 우려한 파월 연준 의장에 “임기 빨리 끝나야”",World
"트럼프, 각국과 ‘관세·국방비 패키지 딜’ 하며 “생산적이다” 만족감",World
美 엔비디아 주가 다시 3%↓…AI 칩 수출통제 강화 여파,World
관세협상 불쑥 낀 트럼프… 美 “큰 진전” 日 “입장차 여전”,World
"ECB, 무역전쟁 우려에 6연속 금리인하",World
美국무부도 밥심으로 일한다… 구내식당 메뉴 톱 3에 한식,World
"“좌파 엘리트는 적”… 트럼프, 로펌·명문대와 ‘문화 전쟁’",World
"젠슨황 ""미국 수출통제, 중대 영향…중국 서비스 계속할 것""",World
별장 쉽게 가려고…산에 개인용 터널 뚫으려던 포르쉐 회장 뭇매,World
"백악관, 이탈리아 총리 방문에 ""EU 대표자로 간주""",World
"뉴욕증시, 하락 출발… 유나이티드헬스·엔비디아↓",World
"트럼프, '관세 파장' 우려한 연준 의장에 ""임기 빨리 끝나야""",World
트럼프 “파월 해임 빠를수록 좋다”... 대놓고 금리인하 압박,World
"백악관, 정상회담 앞두고 이탈리아 국방비·디지털서비스세 지적",World
"극우만은 막자…루마니아 정당, 자당 후보 지지 철회",World
‘한한령’ 해빙 조짐?…미중 ‘반도체 전쟁’으로 확산,World
"엔비디아 젠슨 황 전격 방중...""중국 시장 흔들림 없이 서비스""",World
"애플, 보잉, 엔비디아...'다음은 누구?' 전전긍긍",World
"중국, 쌓이는 수출 재고...'소액 면세' 막차 태우자",World
"'관세 비판' 파월에 뿔난 트럼프…금리 인하 압박하며 ""파월 해임해야""",World
"젠슨황 ""美수출통제로 사업 중대 영향…中 서비스 계속""(종합3보)",World
"ECB, 무역전쟁 우려에 6연속 금리인하(종합)",World
"푸틴, 카타르 군주와 우크라·중동 분쟁 논의",World
"'트럼프발 관세 우려' ECB, 6연속 금리인하…예금금리 2.25%(종합)",World
"트럼프, '신중론' 연준의장 교체 군불…""파월 빨리 해임돼야""",World
백악관을 황금색으로 도배한 트럼프의 금 집착...그 이유는?,World
"""미리 알았나?""…트럼프 관세 유예 전날, 주식 폭풍매수한 '이 사람' 누구?",World
"파월 ""예상보다 큰 관세 충격""...끝없는 보복에 미 증시 급락",World
별장 쉽게 가려고…포르쉐 회장 “산에 ‘개인 터널’ 뚫겠다”,World
“미국이 다시 위대해졌나?”…美서 한국인 교수도 쫓겨났다,World
"트럼프, 금리 인하 요구하며 파월 맹비난…""하루빨리 해임돼야""",World
"또 호실적 TSMC, 인텔 인수설 부인…""우리 사업에 집중하고 있다""",World
"“상상도 못했다”…갑자기 난입한 대통령에 당황, 美에 주도권 뺏긴 日",World
"캘리포니아 “트럼프, 법정 세울 것” 주정부 첫 관세 소송 제기",World
“트럼프 과두제와 싸우자”…미 정치판 뒤흔드는 2인,World
"""러, 우크라 본토에도 북한군 배치 계획""…부분휴전 연장은 안갯속",World
트럼프 ‘방위비 인상·차 판매 확대·무역적자 해소’ 대일 요구,World
"트럼프, 관세정책 직격한 파월에 “금리인하 너무 늦어, 해임돼야”",World
"엔비디아 CEO 방중…美수출통제 강화, 中국산화 우려했나",World
中 '원가' 폭로 통했나…미국인들 '우르르',World
"푸틴, 머스크 ‘극찬’ “인류 중에 드물어…우주 선구자”",World
美 첨단반도체 통제 속 엔비디아 CEO 중국행… “계속 협력 희망”,World
"'중국 반도체 수출 제한' 트럼프 보란 듯... 엔비디아 젠슨 황, 딥시크 량원펑 만났다",World
"법원 명령에도… 트럼프 정부, AP·로이터·블룸버그 백악관 기자단 배제",World
"트럼프 정부, '눈엣가시' 뉴욕검찰총장 기소 만지작",World
"중국, 쌓이는 수출 재고...'소액 면세' 막차 태우자",World
"""이스라엘 5월 이란 핵시설 공습하려 했는데, 트럼프가 지원 거부""",World
조태열 “트럼프 언급한 조선·LNG 지렛대 삼아 관세 협상”,World
"수입품 가격은 뛰고 연금계좌는 녹는다‥캘리포니아주, 트럼프에 소송",World
관세전쟁에 '저가 직구' 中쇼핑앱 美서 인기,World
"미국, 엔비디아 조사 시점에…중국, 젠슨 황 초청 '여론전'",World
"미일 첫 협상에 트럼프 깜짝 등장…""방위비 확대 언급""",World
"트럼프, 관세영향 경고한 파월에 ""금리인하 너무 늦어…빨리 해임돼야""",World
저사양 'AI 칩' 수출 제한…미국 기업까지 덮친 '관세 전쟁',World
"젠슨 황, 트럼프發 수출통제에 “흔들림없이 中 서비스”",World
트럼프 정부의 '추방' 바람에 올 유학비자 취소 600건 육박,World
"하버드대와 충돌하는 트럼프 정부…""유학생 막을 수 있다"" 엄포까지",World
"美, 中 딥시크에 칼 빼들었다…엔디비아 칩 사용 조사 착수",World
"5000만원 에르메스백, 더 비싸진다?…""가격 또 올려요, 미국만""",World
"“현대식 고문의자” 울분 터진 승객, 곳곳서 비명…항공사 ‘초박형 좌석’ 논란",World
트럼프 직접 등판·방위비 언급…두 차례 허 찔린 일본,World
"""전화하라""는 트럼프, 시진핑이 응하기 위한 세 가지 조건은",World
"""한 병이 아니라 한 잔에 420만원?""…없어서 못 구하는 '위스키'의 정체",World
트럼프 직접 등판해 일본 압박…‘관세 전쟁’ 중국에 쫓겼나,World
관세전쟁 속 미국서 더 잘나가는 중국쇼핑앱,World
"머스크 놓고… 트럼프는 권한 제동, 푸틴은 ‘우주 선구자’ 극찬",World
"트럼프, 日 협상 ‘깜짝’ 등장…한국도 직접 압박?",World
"美·日 “관세 조기 협상 타결”… 日, 환율은 의제 빠져 안도 [관세 전쟁]",World
파월도 WTO도… ‘관세 역풍’ 경고,World
"“거기서 형이 왜 나와?”…협상장에 등장한 트럼프, 日과 관세협상 기선제압",World
"관세발 'R의 공포' 가시화... 파월 ""고물가·저성장 스태그플레이션 우려""",World
"하버드 보조금 취소한 트럼프, 유학생 유치권까지 협박",World
"'관세 전쟁' 미중, 대화는 언제…중 ""책임자 임명·비방 자제해야""",World
"젠슨 황 ""美수출통제로 사업 중대 영향…흔들림없이 中 서비스""(종합2보)",World
"[자막뉴스] 중국 ""심각한 타격될 것""...다음 불똥은 어디?",World
"""EU, 러 신규 제재안서 LNG 제외""…대미 관세협상 지렛대?",World
[머니줌인] '초조' 트럼프 vs. '여유' 시진핑…중국 기세등등?,World
"파월 ""관세 여파 예상보다 훨씬 커 딜레마""",World
"""대재앙급""… 트럼프發 글로벌 무역 경고음 갈수록 커진다",World
"“별장 쉽게 가려고”…포르쉐 회장, 산에 개인용 터널 뚫으려다 ‘뭇매’",World
美 대학까지 비자 취소 날벼락... 한국인 교수 “당장 귀국해야”,World
"젠슨황, 美 AI칩 수출규제속 中 전격 방문",World
"시진핑 '아세안 구원자' 자처 ""우리 가치로 정글 법칙 대응하자""",World
"""세계 단 하나뿐인 매장지"" 잭팟 터진 '이 화산'…곧 귀한 것 나온다는데",World
"""트럼프 참전, 완전히 상상 못했다""… 첫 단추부터 주도권 뺏긴 日",World
"한-남아공 무역투자 세미나 ""전세계 핵심광물 30%가 아프리카에""",World
"애플, 보잉, 엔비디아...'다음은 누구?' 전전긍긍",World
"멜로니 오늘 트럼프와 정상회담…伊, EU-美 가교 될까",World
"美, AMD·인텔도 中 수출 금지…젠슨 황은 딥시크와 회동",World
"CJ제일제당, 미국서 비비고만두 디자인특허…""가는 줄무늬 반복""(종합)",World
"""협상 진전"" ""입장차만 확인""…트럼프 - 日 이시바 '극과 극'",World
"젠슨 황, 전격 방중…美수출통제에도 ""中과 계속 협력 희망""",World
美소포 최소 200불 관세에…中테무·쉬인 가격인상 예고,World
"파월 ""관세로 물가 뛰어"" 신중…트럼프 ""금리인하 늦어 해임돼야""",World
"NYT “미국, 이스라엘 ‘이란 핵시설 공습’ 계획 만류···동참 요청도 거절”",World
미·중 무역전쟁에 등 터진 엔비디아…중국 찾은 젠슨 황 “협력 지속되길”,World
"“이스라엘, 이란 핵시설 공습 준비했지만 트럼프 만류로 중단”",World
중국 방문 젠슨 황…“흔들림없이 중국에 서비스”,World
"[올댓차이나] TSMC 1분기 순익 15.7조원·60%↑…""3~5nm 첨단 반도체 판매 호조""",World
"日언론 ""트럼프, 관세 협상서 '미일 안보 불공평' 불만 표출""",World
파월의 우려에도 韓日 증시 상승세,World
"소비 진작에 사활거는 중국…""고령층, 국익 위해 지갑 열어라""",World
"젠슨 황, 美 첨단반도체 통제 속 중국행…""계속 협력 희망""(종합)",World
베를린 소녀상 '일단 존치'… 철거 주장 조목조목 반박한 독일 법원,World
"'관세 폭탄' 중국 테무·쉬인, 미국서 광고 줄이고 가격 올린다",World
"트럼프, 日 본보기로 '관세 협상쇼'…시진핑 보란듯 파격·변칙",World
“미-중 관세무역 전쟁 격화될수록 중국 유리”…중 응전 거세져,World
"(영상) 트럼프, 보고 있나?…中 신형 전투기 J-50 비행 공개, 캐노피 선명 [포착]",World
별장 가기 편하게…산 밑에 500m 개인 터널을 뚫겠다는 포르쉐 회장,World
"이스라엘, 가자 지구 옥죄기 강화…점령도 모자라 지원 원천 차단",World
"TSMC 1분기 순익 15조7천억원·60%↑…""관세폭탄 전 주문 폭주""(종합)",World
"젠슨 황, '급한 불' 끄러 중국행...'수출 제한' 해결책 찾나 [지금이뉴스]",World
"시진핑, '49% 美관세폭탄' 캄보디아 도착…국빈방문 개시(종합)",World
머스크의 ‘21세기판 우생학’?... “지능 높은 아이 늘어야 문명 구한다”,World
"'달러' 이런 적이 없었다… ""트럼프 세상은 '달러 약세' 오판""",World
"'법 위' 트럼프에 법원 ""트럼프 정부가 법정 모독""… 형사 처벌 경고",World
中 수출길 막힌 엔비디아…관세 전쟁 '협상카드' 된 AI 칩,World
"'첫 단추' 급한 트럼프 깜짝등판, 일본에 ""방위비""…한국에도?",World
"""별장 쉽게 가려고""...멀쩡한 산에 개인용 터널 뚫으려다 '발칵'",World
유학생 비자까지 압박…'하버드 vs 트럼프' 문화전쟁 확산,World
"백악관을 금악관으로?…황금에 집착한 트럼프, 전문가까지 데려왔다",World
‘미국 추방자 수용’ 엘살바도르 교도소 확장…“인권 블랙홀 ‘제2 관타나모’”,World
“군대 안 갈래”…입대 기피하는 러·우크라 청년들의 동병상련 [핫이슈],World
"트럼프 등판에 한밤 긴급회의…허찔린 日 ""이달 다시 협상""",World
"[월가 리포트] 파월 ""관세로 물가·성장 관리 딜레마 우려""",World
"골드만삭스 ""미국 투자자들, 中주식 상장 폐지되면 최대 8천억 달러 매각할 수도""",World
124광년 슈퍼지구에…제임스웹 망원경으로 생명체 가능성 포착,World
"'美추방자 수용' 엘살바도르 교도소 확장계획…""제2 관타나모"" 비판",World
"""트럼프 너무 싫어, 이젠 'NO 아메리카'""…미국 여행 취소·보이콧 '봇물'",World
"트럼프 ""하버드대는 웃음거리""…유학생 비자도 압박",World
"파병 북한군, 우크라 본토에도 진입하나?",World
"엔비디아 젠슨 황, 美 '첨단반도체 수출 통제' 속 中 방문",World
中화물선 운항 취소 잇따라…공급망 재편 서막 올랐다,World
"우크라 “러시아, 북한군 우크라 본토에 배치할 계획”",World
"'핑크 관세'가 뭐길래…트럼프 관세, 美남성보다 여성에 더 가혹",World
"시진핑, 마지막 동남아 순방지서도 ""패권주의 맞서야""",World
"""진보담론 퇴출""… 트럼프 행정부는 '합니다'",World
타이완 “왜 우린 ‘관세 우선협상국’ 빠진거야?” “나서면 불리”,World
"트럼프 ""하버드대는 웃음거리""…유학생 비자도 도마 위에(종합2보)",World
"中전기차 해외진출도 관세전쟁에 차질…당국, 안보 이유로 제동",World
"""엔비디아 이어 딥시크도 규제""…패권경쟁 본색 드러낸 관세전쟁",World
"미국 투자자들, 中주식 강제 매각?…골드만삭스 경고 나왔다",World
‘동남아 순회’ 시진핑의 우군 확보전 “관세 전쟁 맞서자”,World
"'세계 5위 경제권' 美 캘리포니아주 ""트럼프 관세는 위헌"" 소송",World
트럼프 관세위협 속 EU-中 가까워지나,World
"日 대표단, 트럼프 만나 ""美 관세 조치 매우 유감·재검토 강력 요청""…트럼프 ""큰 진전""[트럼프 2기]",World
"""미국, 관세협상국들에 중국 겨냥 '2차 관세' 압박""",World
평양마라톤 참가를 끝으로...최연소로 195개국 방문한 25세 미국인,World
이스라엘 봉쇄에 하마스 부도…전투원 30만원 월급도 체불,World
"美, 딥시크 때리기 본격화… 젠슨 황은 中 날아가 량원펑 만나",World
"""스위트룸 하룻밤보다 비싸다""...위스키 한 잔에 420만원? 대체 뭐길래",World
"""머스크가 거길 왜"" 격노한 트럼프…'中전쟁계획' 브리핑 막았다",World
치솟는 옷값에 3%더 내라고?…여성에 가혹한 '핑크택스' 뭐길래,World
"대만서 '美관세 우선협상 제외' 논란…""먼저나서면 불리"" 의견도",World
"120억 별장 편하게 가려고 산 뚫으려던 갑부…""포르쉐 회장님이었어?""",World
매일 수만 명 집회에 수백 억 원 후원금… 심상찮은 '샌더스 돌풍',World
"“대통령이 멋대로 불법 관세 부과” 캘리포니아 주지사, 트럼프 고소",World
"대학가와 '문화 전쟁' 시작한 트럼프, 하버드 면세 박탈 추진",World
"트럼프 ""웃음거리 하버드, 명문대 아냐""…보조금·면세권 박탈 현실화 수순",World
드디어 외계인 만나나…“우주 생명체 관련 ‘가장 강력한 증거’ 발견” [핫이슈],World
[Why] 트럼프 관세에도 유럽 투자자들이 선방한 이유,World
백악관 곳곳에 '금칠'…트럼프 '황금색 집착' 이유 보니,World
"포르셰 가문 억만장자, 멀쩡한 산 뚫어 개인 터널 지으려다 들통 [핫이슈]",World
"""이러다 비행기 입석표도 팔겠네""…초슬림 좌석 등장에 中 시끌",World
"'관세폭탄' 앞둔 테무·쉬인 ""25일부터 가격 올려요""[글로벌 왓]",World
"젤렌스키, 계엄령 90일 연장… 野 “권위주의 정권 수립 노리나”",World
못 말리는 트럼프의 금 사랑…백악관을 황금색으로,World
“하버드는 실패작”…모교 때리는 야심가 스터파닉 ‘눈총’,World
"""트럼프 때문에 여자들 세금 더 낸다?""…'핑크 관세'만 연 20억 달러",World
[올댓차이나] 중국 2월 미국채 보유액 7843억＄…전월비 235억＄↑,World
트럼프 관세로 더 큰 재앙적인 충격에 떨고 있는 글로벌 국제무역,World
"미중 싸움에 새우 등 터지는 엔비디아…""반도체가 최대 협상 카드""",World
"중국, ‘美 245% 관세’에 “이성 잃었다…무의미한 숫자놀음”",World
"美 하원, 수출 통제 엔비디아 칩 中 딥시크 조달 조사",World
중국. 미국산 원유 대신 캐나다산…3월 수입량 역대 최대,World
‘무역전쟁’하는 美 대신 캐나다로 눈 돌린 中…3월 원유 수입량 역대최대,World
"트럼프 ""좌파 바보들이 가르치는 '하버드', 세계 명문대에서 빼라""",World
"우크라 ""북한군, 우크라 본토 진입 가능성""…北 파병 확전되나",World
"美·日, 조기협상 합의…이시바 ""적정 시점에 트럼프 만날 것""(종합)",World
"백악관을 금악관으로 바꾼 트럼프…""황금시대를 위한 집무실""",World
"""북, 우크라 본토 파병 계획""...전쟁 개입 확대되나",World
"푸틴, 머스크를 ‘소련의 우주공학 영웅’에 빗대며 극찬",World
"푸틴, 머스크에 ""우주 선구자"" 극찬…""美과 협력 멈출 수 없어""",World
"中, 무역분쟁하는 美 대신 캐나다에서 원유 수입…3월 수입량 역대 최대",World
"“훌륭한 과학자를 잃었다”…한국인 美 대학 조교수, 비자 취소로 돌연 귀국길",World
"미일 첫 관세협상…""조기 합의에 공감""",World
"이스라엘의 '이란 핵시설 타격' 말린 트럼프…""일단 대화부터""",World
트럼프 중국 포위하자 시진핑 “아시아 단결해야”,World
"트럼프와 친한 이탈리아 총리, 미국 간다…유럽 '기대 반 걱정 반'",World
인도 “미국산 에탄·LPG 관세 없애기로”,World
"트럼프 관세 협상 직격탄 ""美 미디어 타격… TV광고 종말 찾아올 수도""",World
"中, '무역전쟁' 美 대신 캐나다 원유 수입…3월 수입량 역대최대",World
"트럼프, 日협상서 참고할 '힌트' 숨겼다…'죄수의 딜레마' 빠진 韓",World
"푸틴의 머스크 극찬 ""이런 사람 인류에 드물어""",World
트럼프 관세에 '달러 약세 쓰나미'…달러 가치 낙폭 40년래 최저,World
"중, '미 245% 관세'에 ""무의미한 숫자놀음…권익 침해하면 반격""",World
"포르셰 회장, 멀쩡한 산 뚫어 개인용 터널?…주민들 분노",World
"""日 다음은 韓""... '깜짝 등판' 트럼프식 협상, 한국 대응법은",World
"엔비디아·AMD 이어 인텔도…美, 中 수출 통제 확대",World
"""더이상 강의 못한다"" 한국인 美 대학 교수, 학기 중 돌연 '비자 취소' 통보",World
“초상화에도 금칠?”… 트럼프의 지독한 ‘금 사랑’,World
‘생존 한계’ 시험할 폭염 온다…‘4월 기온 49도’ 찍은 곳 어디? [핫이슈],World
“과학계 다 망쳐” 트럼프 공개 저격했다가…통편집 당한 美배우,World
트럼프 ‘하버드대 면세 박탈’ 위협… “법적으로 불가능”,World
"""회장님 별장 가려고""…480m '개인용 터널'에 분노 폭발",World
"美, 새 석유 제재로 이란-중국 동시 타격...협상 압박",World
트럼프 “하버드는 좌파 멍청이가 가르치는 웃음거리”···보조금 취소에 면세 지위 박탈,World
북한 여성 수백명 유엔 제재 어기고 ‘러시아판 쿠팡’ 근무,World
120억 별장 산 포르쉐 회장…산에 '개인 터널' 뚫으려다 발칵,World
"“미 추방자 수감 중인 엘살바도르, 교도소 2배로 늘릴 계획”",World
‘핑크 관세’로 여성은 연간 20억 달러 이상 추가 지출…트럼프의 남성 편애?,World
교도통신 “미일 첫 관세협상 ‘조기 타결’ 합의…트럼프 ‘방위비 증액 요구’”,World
"“하마스 통치 반대” 가자 주민들, 3주 만에 시위 재개 [포착](영상)",World
엔비디아 이어 인텔도 '날벼락...중국 업체에 보낸 편지 내용 [지금이뉴스],World
‘반트럼프’ 구심점으로 부상한 샌더스·오카시오코르테스,World
"“벌써 49도, 이대로면 2050년 생존 불가”…지구촌 폭염 경고등",World
“소프트웨어 경제는 관세에 흔들리지 않아”...트럼프 관세전쟁서 문송천 교수가 던지는 통찰,World
종잡을 수 없는 트럼프…日 칭찬·비난 반복,World
"포르셰 회장, 멀쩡한 산 뚫어 개인용 터널?…오스트리아 부글",World
"美 245% 관세 부과에 ""터무니 없다"" 대응 않겠다는 中",World
"‘세계 단결’ 외치는 中, 구호 속에 숨은 뜻은",World
"파월 ""美, 물가와 성장 사이 딜레마 빠질 수도""(종합)",World
"미국 '중국 적용 관세 245%'에…中 ""의미없어 무시""(종합)",World
"트럼프, 하버드대 면세 자격 박탈까지…국세청에 요청",World
"아이엠비디엑스, 혈액 10㎖로 8가지 암 진단[편즉생 난즉사]⑦",IT
"박스권에 갇힌 비트코인, 8만 4000달러대 거래",IT
"""아이폰18, 2나노 칩 탑재""…얼마나 더 비싸질까",IT
창업 2년도 안돼 1조원 넘는 회사로 성장…“새로운 검색의 시대가 온다”,IT
"""인터넷 안 터져"" 답답해 속 터진다?…디지털 빈틈 메울 '저궤도 위성'",IT
"""저희 옷 입어주세요""…'200만원 의상' 협찬받은 男 정체가",IT
"[미장브리핑] 트럼프 美 대통령 ""연준 금리 인하해라""",IT
"[IT썰] ""넷플릭스 잘 나가네""…1분기 예상 매출 뛰어넘었다",IT
"아이폰18, TSMC 2나노칩 탑재로 가격 인상 가능성[모닝폰]",IT
"머스크 눈독 들이더니, 아마존도 ""한국 상륙""…'조 단위' 베팅 나선 이유",IT
확률 조작 논란 지속… 넥슨 철퇴에도 '그랜드체이스' 도마 위,IT
"""대학병원 인력난 어쩌나""…제대 군의관·공보의 중 상당수 개원 '가닥'",IT
위믹스 오늘 운명의날…또 다시 상폐 갈림길,IT
펄어비스가 팔고 200억 벌때 엔씨는 뚝심투자…'빅게임' 운명은,IT
토종 지도 앱 이용자 '역대 최대'…韓 특화 서비스로 안방 단속,IT
“무섭다” 소리로 가득찬 이곳…‘괴물 능력치’ 뽐내는 AI에 판교는 고용쇼크,IT
"中 CXMT, 올해 D램 생산량 68% 확대… “SK하이닉스 절반 근접”",IT
[단독] 1만원대 20GB 5G 알뜰폰 요금제 가입회선 3000여개 불과,IT
"""인터넷 유료방송 하자"" 꼬드기는 가짜 BJ 조심하세요",IT
"""이제 막 발 들였는데"" 콘솔 가격 오를라…게임 업계도 '발 동동'",IT
'코리안 버핏' VIP자산운용이 움직였다… '솔루엠' 주목,IT
구형GPU·관세쇼크에 MS 데이터센터 축소…머스크만 가속페달,IT
124광년 '수퍼지구'엔 외계인이 살까… 제임스웹 “우주 생명체 포착”,IT
단순히 공짜라서? 6억명 사로잡은 외국어 공부 앱의 성공 비밀,IT
사람은 쉽게 푸는데 AI는 포기선언... AI 한계 시험 위해 작정하고 만든 ‘최후의 테스트’,IT
“채식주의자 2명 중 1명은 필수 아미노산 섭취 부족”,IT
"초강대국 패권경쟁에 등 터지는 엔비디아…""美, 수출통제로 中 AI 야망 꺾는다""",IT
"TSMC, 트럼프 관세에도 실적 자신감 유지…인텔 인수설은 부인",IT
"美, AMD·인텔 AI 칩도 ‘대중 봉쇄’",IT
"K원자력, 종주국 美에 역수출... 그 뒤엔 세계 유일 기술 있었다",IT
원자력 종주국 미국에 연구용 원자로 설계 첫 수출,IT
당신도 속았을 수 있다… AI로 만든 러시아 가짜뉴스 '그럴 듯하네',IT
미국 달 가는 길목에 먼저 위성망 구축한 중국...확대하는 우주 패권 경쟁,IT
"“한국어만 줄줄, 이걸 외국인이 쓰라고?”…네이버 지도에 불만 폭주, 이 정도라니",IT
66년 만에 종주국 미국에 역수출…“세계 최고 기술력 입증”,IT
2000억 잭팟까지 터졌다…2030女 열광한 'BL' 뭐길래,IT
"“늘 먹던 거랑 똑같은데” 왜 비싼 돈 주고 먹어?…꼭 알아야 할 이유가 있다 [지구, 뭐래?]",IT
"최상목 거부한 'TV 수신료 통합징수' 방송법, 재표결서 가결",IT
"주말에 과학축제 가볼까...로봇개랑 달리고, XR로 반도체 공장 체험해요",IT
"“곳곳이 불바다, 대폭발까지” 끔찍한 이 병균 때문이라니…백신도 있는데, 왜?",IT
“한국 원자로 기술력 美쳤네”…66년전 수입해왔던 미국에 연구용 원자로 역수출,IT
"""갤S25가 효자"" 스마트폰 왕좌 지켜낸 삼성",IT
미중 무역전쟁 희생양 된 엔비디아 젠슨 황… 美 '반도체 수출 통제'에도 中 방문,IT
美서 원자로 원조받던 한국… 66년만에 기술 역수출 [美에 원자로 설계 첫 수출],IT
韓원자로 해외진출 활로 열어… ‘민감국가 리스크’ 덜었다 [美에 원자로 설계 첫 수출],IT
수십조원 규모 연구용 원자로 수출 시장 종주국서 뚫었다,IT
"민주당 ""게임 '중독' 아니고 '몰입'""...이재명이 옹호했던 P2E 게임은 ""반대""",IT
"""카모 사모펀드 인수가 웬 말""…재차 반대입장 낸 카카오노조",IT
"""공개일 유출 의혹에 미정이라더니""…디즈니+, '나인퍼즐' 5월21일 공개",IT
"SKT·KT·LGU+, '6G 핵심' AI 기반 SW 네트워크 구현 시동",IT
"카카오모빌리티 ""경영권 매각 없다""",IT
"카카오모빌리티 매각 반대 나선 노조 ""산은 공적자금 투입 부적절""",IT
종주국 미국도 깜짝 놀랐다…'K원전' 66년 만에 대역전,IT
일론 머스크 ‘스타링크’ 이어 아마존도 韓 저궤도 위성 사업 노크,IT
"""외계 생명체 존재 시사하는 가장 강력한 증거 나와""",IT
"[단독] 아이온큐 채프먼, SK계열사 IDQ CEO와도 회동…“양자인터넷 집중 투자”",IT
"'넷섹 2025' 개막···유상임 장관 ""보안 흔들리면 공든 탑 한순간에 무너져""",IT
아이온큐 만난 유영상 “양자컴 사업 진출”…채프먼 “양자인터넷 집중 투자”,IT
"""안방은 못 내주지"" 토종 지도앱, 이용자 역대 최대",IT
"美하원 조사받는 엔비디아…젠슨 황 ""中서 흔들림없이 사업""",IT
"""땡큐, 트럼프"" 미중 관세전쟁에 배터리 ESS 분야 반사이익 전망",IT
"카카오, '카카오모빌리티 매각설' 부인",IT
"카카오모빌리티, 2대 주주 바뀌나…노조 “IPO 실패 때 경영권 넘어가” 반발",IT
"TSMC, 1Q 순이익 60% 늘어난 15.8兆…""2분기엔 더 좋다"" 자신",IT
"엔비디아는 AI 사업의 든든한 우군... 씨이랩 ""5년 내 10배 성장할 것""",IT
"'방시혁 측근' 하이브 이재상, 카카오 '시세조종 혐의' 재판 불출석",IT
"[DD퇴근길] '지브리' 프사로 도배될까…오픈AI, 차세대 SNS 개발 착수",IT
"애플 맹위에도 삼성, 1Q 스마트폰 왕좌 수성…개방형 AI 생태계에서 갈렸다",IT
트럼프 관세카드 된 알래스카 LNG…사업성은 '글쎄',IT
美 `딥시크 쇼크`에 칩 잠그고 차단…중국은 “활용에서 앞선다”,IT
AI칩 대중국 수출통제 직후 베이징 찾은 젠슨 황 “중국과 계속 협력 희망”,IT
"TSMC, 1분기 순이익 60% 급증… 관세 폭탄 우려로 주문 몰려",IT
"의대 정원 회귀 주도한 교육부, 안타깝다는 복지부 '엇박자 엔딩'",IT
"‘열일’하는 화성탐사 로버, 지금까지 성과는 [여기는 화성]",IT
"[뉴스줌인]AI 시대 핵심 인프라 '데이터센터', 지금이 골든타임",IT
더본코리아 감사 조직 만들겠다더니...시니어 계약직 1명만?,IT
"美 관세 혼돈 속 스마트폰, 출하량은 삼성, 판매량은 애플…진짜 1위는?",IT
"대선 앞두고 과기정통부 부총리급 격상 군불떼기...AI정책·민감국가해제, 동력되나",IT
"""폰화면·종이에 찍은 건 신분증 아닙니다""",IT
"[단독] 올해만 820명… 치료제 없는 RSV, 정부 대책도 없다",IT
"[유미's 픽] ""하드웨어 경쟁만 벌이더니""…SW 등한시 하던 삼성·애플, AI 주도권 뺏길라",IT
"""광고 한 번도 못 내고 잘렸다""…구글, 지난해 계정 3천920만개 정지한 이유는?",IT
가격 낮췄는데도 반응 싸늘…엔비디아 그래픽카드가 빠진 늪 [고든 정의 TECH+],IT
"""휑한 머리 살아나""…'마법의 샴푸' 2탄 순식간에 동났다(영상)",IT
"AI 비서, 텍스트 넘어 음성으로… 앤트로픽도 ‘대화형 AI’ 출시 임박",IT
"韓, 원자로 종주국에 원자로 판다…66년만에 역수출 쾌거 [팩플]",IT
'1% 싸움' 삼성 갤럭시 vs 애플 아이폰 경쟁 격화,IT
"영역 넓히는 퍼플렉시티, 삼성 '갤럭시폰'에 탑재될까…모토로라폰에도 '쏙'",IT
"K바이오시밀러, 미국·EU 승인 간소화에 수혜 기대 확산",IT
"의대 모집인원 동결 교육부, 의사에 백기 투항 비판도",IT
"""공적자금이 투기자본 배불려선 안돼""… 카모 매각 반대 확산",IT
"보안 상장사 작년 매출 보니…안랩, 1등 아니네",IT
"독립 앞둔 인텔 캐피탈, '수익성 방점' 포트폴리오 재조정",IT
"관세 폭탄 속 삼성·LG, TV 패널값 상승세 멈춰 숨통",IT
"차기 삼성 원UI8 업데이트, 신기능은 무엇",IT
의대 증원 무산돼도 의료계는 투쟁…“20일 궐기대회 예정대로”,IT
"의협 ""의대 증원 '0명' 만시지탄이나 정상으로 돌아가는 것""",IT
"“AGI 시대 코앞에”… ‘o3’ 공개한 오픈AI, GPT‑5 출시 초읽기",IT
"카카오모빌리티 CFO ""카카오, 경영권 매각 의사 없어""",IT
"“웨어러블 로봇, 고령화ㆍ저출산 시대의 파트너 겸 보조자”",IT
"미국서 배운 원자로기술, 미국에 역수출 쾌거 이뤘다",IT
"두산 데자뷔?...금감원, 한화에어로 유증에 또 정정 요구",IT
"카카오, 모빌리티 매각 부인에도…사모펀드 엑시트에 노조 반발",IT
"카카오모빌리티 ""본사 경영권 매각 의사 없는 것으로 확인""",IT
"""진격의 갤럭시 S25""... 삼성, 1분기에도 글로벌 스마트폰 시장 1위",IT
"한미반도체, 하이닉스와 갈등설에 주가 5%↑…""채널 다변화 기대""",IT
“최대 6배 저렴” GPT-4.1… AI 가격 경쟁 뛰어든 오픈AI,IT
"매각설 진화 나선 카카오모빌 경영진…""재무 투자자 교체 검토만""",IT
"[월간자동차] 25년 3월, 신차 등록 증가세…기아 쏘렌토 5개월 연속 판매 1위",IT
"배양육, 식감까지 잡았다…日 ‘인공 치킨’ 실험 성공",IT
'카잔·인조이' 파급효과?…그래픽카드 구매 급증,IT
'中 합작 무산' 잇따른 韓 전구체…독자 생산 라인 중요성 'UP' [소부장박대리],IT
"""이젠 CPU로도 AI 돌린다""…마이크로소프트, 초경량 AI 모델 '비트넷' 공개",IT
"[AI는 지금] 美·中 AI 격돌, 기술 격차 사라진다…한국은 '뒷걸음'",IT
“게임 속 총알 적중 판별 기술” 핵융합에 적용했더니…시뮬레이션 속도 15배↑,IT
“인텔 '중국용 AI 반도체'도 수출허가 대상”,IT
"""2020~2027년 세계 디스플레이 장비 투자 규모 109조원""",IT
"""오만을 경계해야""…30년 게임 전문가의 경영 조언",IT
"아이브 장원영, BTS 뷔·정국 괴롭힌 제2의 '탈덕수용소' 막으려면",IT
[IT클로즈업]‘미키17’로 재점화된 영화계 홀드백 문제...레거시의 단순 몽니일까?,IT
"'출하 1위 삼성, 판매 1위 애플?'…관세 탓 스마트폰 시장 혼전",IT
"엔비디아 흔든 H20 규제…트럼프, 중간선거 앞두고 '딜레마' [소부장반차장]",IT
"“이미지로 생각한다”···오픈AI, 그림에 강한 추론형 새모델 o3 출시",IT
[단독] 카카오엔터 이어 모빌리티도 매각설 부인,IT
"2030 겨냥 '이마트 푸드마켓' 고덕점 가보니...""식품·뷰티 싼데?""",IT
"""제2의 홈플러스 될라"" 우려…'카카오택시'에 무슨 일이",IT
"""韓 연구로 기술로 美 방사성 의료사업…글로벌 시장 선도 계기""",IT
"티움바이오, 새 R&D 전략 ‘스마트 바이오로직스’ 소개",IT
OLED 시대에도 투자 쏠림은 '중국'…장비지출 83% 점유 [소부장디과장],IT
"[네카오는 지금] ""AI 성과? 지금은 투자의 시간""",IT
거세지는 사이버공격…구글클라우드 “AI? 보안의 슈퍼파워”,IT
"[줄기세포 한·일전]① 日 줄기세포 20년 투자, 결실 임박했나",IT
"AI 반도체 독립 청신호…퓨리오사AI, LG 엑사원 공급 임박",IT
[취재수첩] 3600만원 ‘면죄부’ 논란이 던진 질문들,IT
‘선두 굳히기’ 나선 오픈AI···이번엔 그림 보고 생각하는 AI 모델 출시,IT
"UNIST ""게임기술 접목해 핵융합 시뮬레이션 속도 15배 향상""",IT
“일주일에 술 8잔 이상 마시면 13년 일찍 죽는다”,IT
"삼성, 올해 1분기 스마트폰 출하량 글로벌 1위...""애플 턱밑 추격""",IT
"삼성디스플레이 “스트래쳐블 디스플레이, 신축성·해상도 동시 향상 목표”",IT
"복지부 ""의대 모집인원 결정 원칙 바꾼 것 안타깝다""",IT
‘H20 칩 中 수출 제한’ 엔비디아 “美 정부 지침 철저히 따랐다” 해명,IT
우주에 뜬 원반?…허블우주망원경이 포착한 ‘솜브레로 은하’ [우주를 보다],IT
"""핑크빈이 떴다""…넥슨 메이플스토리, 22주년 캠퍼스 투어 시작",IT
"내년 의대 정원 3058명 원상복구…""미복귀 학생 구제 없다""",IT
"한국 원자로 기술, ‘종주국’ 미국에 첫 수출…‘민감국가’ 영향은?",IT
"삼성전자, 6년 연속 글로벌 게이밍 모니터 1위",IT
"먼바다 나간 선원도 인터넷 쓴다…""스타링크 개시 전 선박 100대 수주""",IT
"이주호 ""증원 기대했던 국민들께 송구…의대생 조속히 복귀해달라""",IT
"인텔리안테크, 美 아이온큐와 양자·위성통신 융합 기술 개발한다",IT
"[단독] 달 가는 美 로켓, 韓 큐브위성 탑재 추진",IT
"화웨이, 오픈형 무선이어폰 韓 사전판매…24만9000원",IT
"셀트리온, 중남미서 영향력 확대..브라질 '허쥬마' 공급 연장",IT
'3000억 규모' 韓 6G 저궤도 위성통신 첫발 뗐다…이제는 속도전,IT
"“중국, 2027년까지 OLED 설비투자 세계 1위 전망”",IT
원자력 배운 미국에 ‘연구용 원자로’ 수출…40兆 시장 잡는다,IT
"“바이러스 잡고 상처회복도 척척” KIST, 천연물 펩타이드 신약 개발",IT
게임 기술 적용해 핵융합 시뮬레이션 속도 15배 높여,IT
"넷이즈게임즈, ‘원스휴먼 모바일’ 24일 글로벌 출시…한국 시장 공략 본격화",IT
6G의 열쇠 '저궤도 위성'...무주공산 韓 '스타링크'와 공백 메운다,IT
"""더 정밀하게, 수술 흉터는 작게""…중앙대병원 '다빈치SP' 도입",IT
"""한미 과학 협력 차질없이 진행 중…민감국가 여파 없어""",IT
'미래권력' 우주인터넷을 잡아라…세계 각축전,IT
7월부터 25% 관세 영향권… '미풍지대' 의료기기 기업은,IT
"의대생 열명 중 아홉명 ""복무 3년, 2년으로 줄면 공보의·군의관 희망""",IT
"국내 원자력 기술, 미국 첫 수출 '쾌거'...원자력 평화이용·기업 해외진출 기대 (종합)",IT
"카카오모빌리티 매각설 재점화…노조 ""모든 방법으로 매각 저지""",IT
韓 원자력 새 역사 바탕엔 '민관 협력 기술력',IT
"이창용 ""미국 관세정책 불확실성 증대…상황 주시 필요""",IT
[단독]아마존 '카이퍼' 韓 상륙…글로벌 저궤도 위성 3강 '격돌',IT
"""민감국가 지정해도 한미 과학기술 협력은 원활""",IT
종주국 미국에 ‘연구용 원자로 설계’ 역수출…“66년 만에 쾌거”,IT
[기고] 지금 대한민국에는 링컨이 필요하다,IT
"韓 미주리대 원자로 수출성과…""민감국가 여파 없다는 방증""",IT
"""원자로 美수출로 선도국 발판…민감국가 협력에 문제없음 방증""",IT
"티메프 품으려는 오아시스·BBQ...약 될까, 독 될까",IT
"""챗GPT 만든 논문, 21세기 최다 인용""…AI는 어떻게 과학계 지배했나",IT
"덩치 키우는 오픈AI, 30억 달러 들여 AI 코딩 스타트업 품을까…""사상 최대 M&A 추진""",IT
"내년 시행 AI기본법, 규제조항은 3년 유예로...황정아, 법 발의",IT
"韓 원자로, 종주국 美에 첫 수출…""민감국가에도 한미 과기 협력은 계속""",IT
"“한국 소비자, AI 인증 수요 뚜렷”",IT
美 원조로 시작된 K-원자력 기술…66년 만에 역수출 ‘성과’,IT
"SKT, 차세대 가상화 기지국 상용망 실증",IT
삼성 스마트폰 강했다…애플 제치고 ‘1위’ 수성,IT
구독전쟁에 뛰어든 이 온라인 서점의 카드 [시크한 분석: 예스24],IT
KAIST “AI로 효소 등 새 미생물 발굴”,IT
"씨게이트, 데이터 탈탄소화 보고서 공개",IT
"세모통-헬로모바일, 알뜰폰 '데이터 무제한 요금제' 프로모션",IT
美 원자로 도입 66년 만에 새 역사…K원전 수출 기폭제 기대,IT
[이미선의 디지털라이프] 새로운 캐시카우 찾자…`건강검진 시장` 진출 속도내는 의료AI,IT
아이온큐 만난 SKT 유영상 “양자컴까지 사업 확장”,IT
"銀, 장기분할·금리감면 '소상공인119플러스' 18일 시행",IT
"반도체·배터리·차 등 韓 협단체 임원, 미국 총출동…관세 우려 전달",IT
스펀지처럼 빨아들여 한계 '극복'… 이차전지 내구성 3배 높였다,IT
"[영상] ""눈이 축구공만큼 크네""…전설 속 바다괴물 오징어, 드디어 포착",IT
"이재명, ""글로벌 방위 4대 강국으로…수출 컨트롤타워 신설""",IT
"""챔피언은 이렇게 쳤다""…IBM, AI로 마스터스 샷 재현",IT
"SK텔레콤 에이닷전화, '차단 통화 확인' 등 신규 기능 업데이트",IT
"BHSN '앨리비 비즈니스 1등공신' 원보람 본부장, 신임 CBO 발탁",IT
"유영상 SKT 대표, 美 아이온큐 의장 회동…양자컴 '시동'",IT
“엔비디아 H20 中 수출 통제로 웃는 건 화웨이”,IT
세계 OLED 모니터·패널 모두 '삼성 1위',IT
"""데이팅앱 '얼평' 부담""…속마음 매칭에 2000만명 몰렸다",IT
124광년 거리 행성 외계 생명체…“역대 가장 강력한 증거” 발견,IT
"유영상 SKT사장, 아이온큐 임원진과 회동… ""양자 협력 확대 논의""",IT
입소문 난 홍삼의 '비밀'…발기부전 치료제 섞어 판 일당 검찰 송치,IT
미중 관세전쟁에 불확실성 커진 콘솔 게임…가격 줄인상 시작,IT
"싸이월드 사진 210억장 사라진다고? 정부 ""확정된 바 없어""",IT
"'코인 시세조종' 혐의자 검찰 고발 조치… 금융당국 ""특정시간대 급등·중소형 코인 주의""",IT
"[이기자의 게임픽] 신작 준비 라인게임즈, 올해 성장잠재력 보여주나",IT
120광년 떨어진 외계 행성서 생명체 존재 '유력 단서' 발견,IT
삼성폰 여전히 강했다…애플 제치고 1위 수성,IT
"""KB금융·신한카드 등 개인신용평가에 통신데이터 활용""… 통신대안평가, 의미있는 1년의 성과",IT
"중앙대병원 ""부인과 수술, 단일공 로봇으로 자궁·난소 손상 최소화""",IT
"생존율 낮은 췌장암, 면역치료 효과 높이는 방법 찾았다 [지금은 과학]",IT
"원자력硏, '원전 종주국'美에 연구용 원자로 '역수출'",IT
"자소설닷컴, 올해 상반기 공채 자소서 작성왕은 ‘경영학도’",IT
"`지브리풍` 히트친 오픈AI, 이미지 추론 가능한 `o3` 출시",IT
"셀트리온 `허쥬마`, 브라질에서 입찰 경쟁 없이 공급 기간 연장 성공",IT
"저커버그 ""틱톡 인기로 성장세 급격히 둔화""…독점 '부정'",IT
엔비디아에 이어 AMD·인텔도 대중 수출 통제...반도체주 줄하락,IT
"딥시크 돌풍 비결은…""더 큰 AI보다는 더 오래 생각하는 AI""",IT
게임 기술로 ‘인공태양’ 핵융합 안정성 높였다,IT
"운동 중 '저탄고지' 식단, 혈관 건강엔 오히려 '독'[김규빈의 저널톡]",IT
"빕스·더플레이스, 강동 아이파크 더리버에 문 열었다",IT
‘애플 인텔리전스’ 페북·인스타 ‘차단’…’애플 vs 메타’ AI 기싸움,IT
"‘가두리 펌핑’ 금융위, 가상자산 시세조종 혐의자 검찰 고발",IT
"애플, iOS18.4.1 업데이트…""신속 설치 권고"" 이유는",IT
"'경쟁률 125:1' 라온시큐어, 2025 공채 2500명 몰려",IT
"오픈AI, 그림·도표 분석하는 AI 모델 'o3' 출시",IT
'AI기본법 규제 유예' 법안 발의…민주당 과방위 격론,IT
"삼성 갤럭시, 아이폰 제치고 글로벌 점유율 1위",IT
"금융당국, 가상자산 시장 시세조종 혐의자 검찰 고발 조치",IT
게임 기술 적용해 핵융합 시뮬레이션 속도 15배 높였다,IT
"""이미지도 읽고 명령 없이 도구 쓴다""…오픈AI, 스스로 판단하는 'o3·o4' 출시",IT
"""복잡한 개발 업무, 이젠 말로 시킨다""…젯브레인, AI 에이전트 '주니' 출시",IT
"""넷플릭스 '악연' 원작이 이거였어?"", 웹툰 다시 보러 우르르",IT
"NHN ""다키스트 데이즈, 웰메이드 좀비 슈터 되길 바라""",IT
"네슬레, 금지된 정수 방식 사용해 제재…연례 보고서에는 숨겨",IT
"“야간 라이딩도 대낮처럼 안전하게 주행”…가민, 스마트 헤드라이트 카메라 출시",IT
"“지니, 괴물 나오는 그 드라마 뭐였지?”…인터넷TV에도 AI에이전트 탑재",IT
"""애플, 비전 헤드셋도 ‘에어’ 모델 내놓는다""",IT
‘美 관세 부메랑’ 엔비디아·AMD·인텔 실적 직격타…中 수출통제 확전 ‘초조’,IT
"MBK 인수하자 실적 악화일로 오스템임플란트·메디트, 통큰 배당은 강행",IT
"기술력·복지로 MZ세대 사로잡은 라온시큐어, 공채 경쟁률 125대1",IT
"[사이테크+] ""우주 자체가 회전할 수도""…허블 수수께끼 해결 가설 제시",IT
별 속으로 뛰어들다…행성의 ‘자살’ 첫 목격,IT
"5월엔 국내 여행, 수요 2배 이상 늘었다",IT
"셀트리온, 중남미서 허쥬마 베그젤마 등 항암제 입찰 휩쓸어",IT
"""중국에 AI칩 팔지 마"" 엔비디아까지 규제 들어간 美 정부 속내",IT
[스타트업·혁신기업] 좀비물 새지평 `다키스트 데이즈`… 성장·서사로 승부,IT
"마음AI, 국방 C4I 세미나서 전술 AI ‘SUDA’ 첫 공개",IT
"페어즈, 성공할까…'데이팅앱' 사용 적은 韓시장 다시 노크",IT
"삼성전자, 6년 연속 게이밍 모니터 세계 1위 수성",IT
"""투톤이냐 아니냐""…달라진 아이폰17 프로 렌더링 등장",IT
"유바이오로직스, 튜브형 백신으로 콜레라 시장 석권[편즉생 난즉사]⑥",IT
NHN 신작 ‘다키스트 데이즈’ 24일 OBT 출사표 “이용자 의견 듣고 함께 서비스”,IT
"SKT, 삼성·에릭슨·노키아와 차세대 가상화 기지국 실증 성공",IT
"美, 엔비디아 이어 인텔도 中 수출 제한…H20·가우디 못 판다",IT
"“韓 스타트업, 해외 투자 유치 위해선 ‘단일성’ 버려라” [이코노 인터뷰]",IT
“스펀지처럼 빠르게 흡수” 내구성 3배↑…화재위험 차단 ‘수계아연전지’ 나왔다,IT
"폴더블 아이폰, 사양 속속 공개…""기존 폴더블과 유사""",IT
"NHN “다키스트데이즈, 잠재력 확인… OBT로 완성도 끌어올릴 것”",IT
"'엑스박스 수장' 필 스펜서, 닌텐도 스위치2 지원 의지 재확인",IT
"美 법원, 리플-SEC 항소심 60일간 정지 명령",IT
뉴욕증시 하락 속 비트코인 8만 4000달러대 횡보,IT
"H20에 딥시크까지… 엔비디아 AI칩, 미중 관세 전쟁 '판돈' 됐다 [윤민혁의 실리콘밸리View]",IT
“한국기업 손 잡겠다”…전세계 최고 양자컴퓨팅 기업과 협력한다는 곳은,IT
"LG헬로비전, 여행 다큐멘터리 ‘김석훈의 어!여기봐라’ 시즌2 17일 첫 방송",IT
"AI가 흐릿한 이미지도 확대해가며 추론…오픈AI, ‘o3’ 전격 출시",IT
"사이버범죄로 돈 쓸어 담는다…""CaaS 조직 전문화""",IT
원전 종주국 미국에 연구로 설계 수출 이뤄졌다,IT
"“데이터 무제한” 유테크온 ‘세모통’, 헬로모바일과 알뜰폰 요금제 프로모션 선봬",IT
"카카오모빌리티 '케이라이드', 외국인 관광객 필수 아이템 되나",IT
"[IT썰] 美 보안취약점 정보은행, 트럼프 예산칼날 간신히 피했다",IT
"66년 만의 반전… 한국, 원자력 설계로 미국에 첫 수출 성공",IT
"[미장브리핑] 美 ""H20 수출 허가받아야""…엔비디아 주가↓",IT
"""이미지 보고 생각하기까지.."" 오픈AI, 새 AI 모델 'o3' 출시",IT
"오픈AI, 새 추론 AI모델 'o3' 출시…“이미지 보고 생각 첫 모델”",IT
"흐릿한 그림도 이해... 오픈AI, '이미지로 사고하는' 새 추론 모델 공개",IT
최신폰 기기-알뜰폰 요금제 '조합'에…갤S25 '반전 성적표',IT
'한국형 스타링크' 성능 검증하는 측정 표준 나왔다,IT
"대리인 있는데 책임은 없다?…구글·페북 배짱은 그만 ""제재 강화""",IT
"아이폰 17 프로, 투톤 뒷면 없는 렌더링 공개 [모닝폰]",IT
'K컨소' 美 미주리대 원자로 초기설계…종주국에 역수출 쾌거,IT
"대선 정국 맞은 통신업계, 변화에 '예의주시'",IT
"오픈AI에 MS까지 러브콜 러시…韓, AI 전략 요충지로 부상",IT
세계 무대 강타한 넥슨 '카잔' 호평 받는 이유,IT
500개 업무 80% 자동화로 흑자낸 이 기업… 'AI 1+1'공식이 끝낸 10년 적자,IT
장내 미생물로 항암제 부작용 예측한다,IT
"“매출 75%가 수수료·로열티·배당금”… 라이엇게임즈코리아, 실적 악화에도 美 본사 현금출납기 역할",IT
파킨슨병 줄기세포 치료 잇따라 성공…안전·효능 확인,IT
"넥슨은 펫푸드, 스마일게이트는 에듀테크 기업 매각… 비핵심 사업 정리하는 게임업계",IT
이마트 푸드마켓 고덕점 문 열어…신선식품 최저가 판매,IT
"트럼프發 약가 인하 정책, 셀트·삼바에피스 수혜?…""시장 확대 기회""",IT
"역시 'AI'…21세기 가장 영향력 있는 논문, 인공지능이 '점령'",IT
"애플, '폴더블 아이폰' 지각 출시할까… 세부 정보 속속 유출 [글로벌 IT슈]",IT
"美, 엔비디아 中 전용 칩 수출 통제 강화…관세전쟁 희생양되나",IT
불평등 어쩔 수 없다? 헛소리![유용하 과학전문기자의 사이언스 톡],IT
넥슨이 '협동'으로 풀어낸 '마비노기 모바일'…역주행 인기,IT
"[뉴테크] 로봇 꿀벌, 각다귀 착륙법 터득…실제 활용 길 열려",IT
"원자력 종주국 미국에 `연구용원자로` 설계 수출…66년 만에 역수출, 원자력 새 역사",IT
연구용 원자로 설계 기술 첫 미국 수출... 민감국가 지정 우려 해소 기대,IT
"韓, 종주국 美에 연구용 원자로 설계 첫 수출…""66년만에 역수출 쾌거""(종합)",IT
"ASML ""관세 불확실성 커졌다""…1분기 수주실적 악화",IT
美서 원자로 원조받던 나라에서…66년만에 역수출 이뤘다,IT
"원자력硏, 미국에 연구용 원자로 수출...원자력 종주국에 ‘역수출’ 쾌거",IT
"한국 컨소시엄, 원자력 종주국 美에 연구용 원자로 설계 첫 수출(종합)",IT
"“원자력 종주국도 인정”…韓 차세대 연구로, 美 수출 길 뚫었다",IT
‘자전거 설계해줘’ 하면 이젠 AI가 3D로 만들어 줄 거예요,IT
14종 병기로 몬스터 사냥 흥미진진… 한달새 전세계서 1000만장 판매,IT
AI 로봇 청소기 두뇌는 ‘중국 천하’,IT
코딩 전혀 몰라도… 말로 느낌만 설명하면 앱 ‘뚝딱’,IT
"NPU 신흥 강자… “GPU 대비 절반 가격에, 연산 성능은 2배 높은 수준 목표”",IT
"美, 엔비디아 H20칩 中 수출 차단… 한국 반도체 타격입나",IT
“엎치락 뒤치락” 아이폰 ‘판매량’ 첫 1위…삼성은 ‘출하량’ 1위 수성,IT
챗GPT부터 퍼플렉시티까지…AI 검색엔진이 선호하는 콘텐츠는?,IT
"""오픈AI, 자체 SNS 플랫폼 개발 중""…엑스 대항마 선보일까",IT
"지그재그, ‘직진배송’ 주 7일로 확장",IT
"삼성 간신히 1위, 애플 맹추격…‘관세폭탄’ 직전 스마트폰 성적",IT
"아이온큐 ""美 군사위성·드론 통신에 韓 기술 적용""",IT
[단독] “직원들 모두에 비서 준다”…시간 효율 높이려 LG가 택한 방법은,IT
"뉴진스, 독자활동 금지 가처분 이의신청 기각에 '항고'",IT
"AI로 가짜 쇼핑몰 뚝딱 만든다…""사기 수법 진화 중""",IT
"웨이브·티빙 합병, KT 변수로…""주주가치 부합하는지 의문""",IT
